Id,Genres
1,1
2,2
3,2
4,6
5,2
6,3
7,2
8,3
9,3
10,3
11,2
12,3
13,2
14,3
15,2
16,6
17,3
18,4
19,3
20,5
21,6
22,5
23,5
24,5
25,5
26,6
27,2
28,6
29,6
30,6
31,2
32,2
33,3
34,6
35,1
36,6
37,6
38,1
39,6
40,6
41,3
42,5
43,3
44,3
45,3
46,3
47,3
48,3
49,5
50,3
51,3
52,4
53,5
54,6
55,6
56,3
57,2
58,5
59,3
60,3
61,5
62,1
63,5
64,2
65,3
66,3
67,5
68,2
69,1
70,6
71,2
72,2
73,2
74,6
75,2
76,3
77,6
78,2
79,3
80,6
81,6
82,5
83,4
84,1
85,6
86,3
87,6
88,4
89,1
90,3
91,3
92,3
93,6
94,6
95,5
96,6
97,3
98,6
99,5
100,3
101,3
102,2
103,6
104,3
105,2
106,2
107,3
108,3
109,6
110,2
111,6
112,5
113,3
114,2
115,5
116,3
117,5
118,5
119,3
120,3
121,2
122,1
123,5
124,3
125,2
126,2
127,4
128,1
129,2
130,2
131,2
132,6
133,2
134,2
135,6
136,1
137,3
138,2
139,3
140,1
141,1
142,6
143,2
144,3
145,2
146,3
147,3
148,3
149,1
150,2
151,4
152,2
153,3
154,3
155,3
156,1
157,3
158,6
159,3
160,2
161,6
162,3
163,2
164,5
165,2
166,1
167,6
168,5
169,2
170,3
171,2
172,3
173,2
174,3
175,3
176,2
177,5
178,6
179,3
180,6
181,3
182,3
183,3
184,2
185,6
186,2
187,5
188,2
189,6
190,3
191,3
192,2
193,3
194,3
195,3
196,3
197,5
198,3
199,3
200,3
201,2
202,5
203,5
204,3
205,2
206,3
207,6
208,5
209,6
210,5
211,3
212,6
213,2
214,3
215,2
216,3
217,2
218,1
219,3
220,3
221,5
222,3
223,2
224,5
225,3
226,2
227,6
228,2
229,6
230,6
231,6
232,2
233,2
234,5
235,2
236,3
237,1
238,6
239,2
240,2
241,2
242,3
243,6
244,3
245,5
246,2
247,2
248,2
249,1
250,6
251,6
252,3
253,2
254,2
255,6
256,6
257,3
258,2
259,6
260,5
261,6
262,2
263,5
264,3
265,3
266,6
267,3
268,1
269,6
270,3
271,3
272,3
273,6
274,3
275,6
276,3
277,2
278,3
279,3
280,3
281,6
282,3
283,2
284,6
285,2
286,6
287,2
288,3
289,3
290,5
291,1
292,3
293,3
294,2
295,2
296,3
297,6
298,6
299,3
300,6
301,3
302,2
303,3
304,2
305,5
306,2
307,3
308,3
309,3
310,3
311,2
312,3
313,6
314,6
315,5
316,1
317,3
318,6
319,2
320,5
321,2
322,2
323,3
324,2
325,3
326,2
327,2
328,6
329,3
330,1
331,1
332,3
333,6
334,3
335,3
336,3
337,3
338,6
339,5
340,3
341,3
342,3
343,5
344,2
345,2
346,6
347,3
348,5
349,3
350,3
351,1
352,2
353,2
354,2
355,1
356,3
357,2
358,6
359,2
360,5
361,5
362,2
363,2
364,3
365,5
366,1
367,3
368,5
369,3
370,2
371,5
372,3
373,2
374,1
375,3
376,1
377,6
378,5
379,3
380,2
381,3
382,3
383,6
384,5
385,1
386,3
387,6
388,2
389,6
390,2
391,3
392,5
393,2
394,2
395,3
396,5
397,6
398,6
399,2
400,5
401,2
402,5
403,3
404,3
405,3
406,3
407,3
408,2
409,3
410,2
411,5
412,1
413,2
414,3
415,2
416,4
417,3
418,6
419,6
420,3
421,3
422,2
423,1
424,6
425,2
426,3
427,6
428,2
429,6
430,1
431,3
432,3
433,2
434,2
435,2
436,6
437,3
438,2
439,2
440,2
441,2
442,6
443,6
444,1
445,1
446,5
447,3
448,3
449,1
450,3
451,3
452,1
453,3
454,5
455,2
456,3
457,5
458,3
459,3
460,5
461,1
462,5
463,4
464,6
465,1
466,3
467,3
468,2
469,1
470,3
471,3
472,2
473,2
474,2
475,2
476,5
477,6
478,5
479,6
480,3
481,6
482,5
483,2
484,2
485,2
486,3
487,5
488,2
489,3
490,6
491,2
492,5
493,3
494,3
495,1
496,3
497,3
498,5
499,2
500,5
501,1
502,2
503,3
504,6
505,2
506,4
507,6
508,3
509,6
510,3
511,1
512,3
513,3
514,2
515,3
516,3
517,3
518,5
519,3
520,6
521,2
522,3
523,3
524,3
525,3
526,3
527,3
528,5
529,3
530,2
531,2
532,3
533,3
534,5
535,2
536,3
537,2
538,6
539,6
540,6
541,2
542,6
543,4
544,2
545,6
546,5
547,1
548,6
549,3
550,3
551,3
552,3
553,6
554,3
555,4
556,1
557,2
558,6
559,6
560,2
561,2
562,2
563,2
564,3
565,5
566,5
567,2
568,5
569,2
570,2
571,2
572,1
573,2
574,3
575,2
576,5
577,5
578,6
579,3
580,3
581,6
582,1
583,1
584,3
585,5
586,3
587,1
588,3
589,6
590,6
591,2
592,2
593,3
594,2
595,6
596,3
597,3
598,3
599,5
600,2
601,6
602,3
603,2
604,3
605,2
606,6
607,1
608,2
609,6
610,2
611,2
612,2
613,3
614,2
615,2
616,6
617,3
618,3
619,3
620,6
621,6
622,2
623,2
624,6
625,3
626,3
627,3
628,3
629,6
630,5
631,1
632,1
633,6
634,6
635,6
636,3
637,2
638,2
639,6
640,6
641,3
642,3
643,3
644,3
645,1
646,3
647,5
648,1
649,3
650,1
651,1
652,3
653,5
654,6
655,2
656,5
657,3
658,3
659,3
660,2
661,6
662,3
663,3
664,6
665,2
666,1
667,5
668,1
669,6
670,6
671,6
672,3
673,3
674,3
675,6
676,2
677,6
678,2
679,3
680,1
681,2
682,2
683,6
684,5
685,3
686,3
687,5
688,3
689,5
690,6
691,1
692,3
693,3
694,1
695,3
696,6
697,2
698,3
699,1
700,3
701,6
702,1
703,6
704,6
705,2
706,3
707,3
708,3
709,1
710,2
711,2
712,2
713,3
714,5
715,6
716,6
717,3
718,3
719,3
720,2
721,2
722,3
723,6
724,6
725,3
726,5
727,3
728,6
729,3
730,3
731,3
732,5
733,6
734,3
735,3
736,3
737,4
738,5
739,6
740,3
741,2
742,3
743,2
744,6
745,3
746,2
747,2
748,2
749,6
750,3
751,5
752,2
753,6
754,3
755,3
756,5
757,2
758,2
759,2
760,3
761,1
762,2
763,3
764,3
765,3
766,3
767,2
768,2
769,2
770,3
771,6
772,2
773,5
774,6
775,2
776,3
777,2
778,1
779,4
780,3
781,3
782,2
783,6
784,6
785,2
786,2
787,3
788,3
789,2
790,2
791,5
792,5
793,3
794,3
795,3
796,1
797,2
798,5
799,2
800,3
801,2
802,6
803,5
804,3
805,3
806,2
807,2
808,6
809,3
810,5
811,6
812,3
813,3
814,2
815,3
816,1
817,6
818,2
819,3
820,3
821,2
822,3
823,3
824,2
825,2
826,3
827,5
828,5
829,3
830,6
831,3
832,6
833,2
834,2
835,3
836,3
837,5
838,3
839,1
840,2
841,6
842,4
843,6
844,3
845,6
846,6
847,5
848,3
849,3
850,6
851,3
852,6
853,3
854,3
855,2
856,1
857,4
858,6
859,1
860,6
861,6
862,2
863,1
864,2
865,3
866,6
867,3
868,2
869,2
870,2
871,5
872,3
873,3
874,6
875,6
876,3
877,1
878,6
879,3
880,3
881,3
882,2
883,2
884,2
885,2
886,3
887,1
888,5
889,2
890,3
891,3
892,3
893,6
894,3
895,5
896,3
897,2
898,1
899,2
900,6
901,2
902,3
903,4
904,2
905,3
906,3
907,2
908,5
909,1
910,6
911,3
912,2
913,3
914,3
915,3
916,5
917,2
918,5
919,2
920,2
921,2
922,3
923,6
924,2
925,2
926,3
927,2
928,3
929,2
930,2
931,2
932,5
933,5
934,3
935,2
936,2
937,2
938,5
939,5
940,6
941,2
942,5
943,6
944,3
945,3
946,1
947,6
948,3
949,2
950,3
951,3
952,5
953,5
954,6
955,3
956,6
957,5
958,3
959,3
960,5
961,3
962,3
963,1
964,5
965,3
966,5
967,2
968,5
969,6
970,3
971,1
972,3
973,3
974,6
975,3
976,2
977,2
978,2
979,3
980,2
981,3
982,1
983,3
984,2
985,2
986,6
987,3
988,6
989,5
990,2
991,3
992,1
993,2
994,3
995,6
996,3
997,6
998,5
999,6
1000,3
1001,6
1002,1
1003,3
1004,4
1005,1
1006,5
1007,3
1008,3
1009,3
1010,3
1011,3
1012,3
1013,3
1014,2
1015,5
1016,3
1017,3
1018,3
1019,3
1020,2
1021,2
1022,3
1023,6
1024,2
1025,5
1026,3
1027,3
1028,3
1029,2
1030,2
1031,5
1032,2
1033,1
1034,2
1035,4
1036,3
1037,3
1038,3
1039,3
1040,6
1041,3
1042,6
1043,3
1044,6
1045,6
1046,3
1047,3
1048,1
1049,5
1050,1
1051,6
1052,3
1053,6
1054,5
1055,3
1056,2
1057,3
1058,6
1059,5
1060,2
1061,1
1062,3
1063,3
1064,3
1065,6
1066,2
1067,2
1068,3
1069,2
1070,2
1071,3
1072,1
1073,3
1074,3
1075,6
1076,1
1077,3
1078,5
1079,2
1080,6
1081,6
1082,4
1083,3
1084,4
1085,3
1086,3
1087,6
1088,3
1089,6
1090,6
1091,1
1092,3
1093,5
1094,3
1095,5
1096,5
1097,2
1098,3
1099,5
1100,5
1101,3
1102,3
1103,3
1104,3
1105,5
1106,6
1107,6
1108,3
1109,3
1110,2
1111,2
1112,2
1113,5
1114,2
1115,3
1116,2
1117,3
1118,3
1119,5
1120,5
1121,2
1122,2
1123,2
1124,2
1125,2
1126,3
1127,2
1128,2
1129,2
1130,3
1131,1
1132,6
1133,6
1134,2
1135,6
1136,3
1137,3
1138,6
1139,1
1140,2
1141,2
1142,6
1143,2
1144,6
1145,6
1146,2
1147,3
1148,3
1149,6
1150,3
1151,5
1152,4
1153,3
1154,2
1155,3
1156,3
1157,2
1158,6
1159,2
1160,2
1161,6
1162,3
1163,3
1164,6
1165,1
1166,2
1167,2
1168,5
1169,3
1170,1
1171,5
1172,6
1173,1
1174,3
1175,5
1176,3
1177,6
1178,3
1179,6
1180,2
1181,4
1182,3
1183,2
1184,2
1185,3
1186,2
1187,3
1188,1
1189,3
1190,6
1191,2
1192,5
1193,2
1194,5
1195,3
1196,2
1197,2
1198,2
1199,2
1200,6
1201,3
1202,3
1203,2
1204,3
1205,6
1206,5
1207,5
1208,5
1209,2
1210,5
1211,2
1212,3
1213,3
1214,2
1215,3
1216,3
1217,2
1218,5
1219,2
1220,3
1221,2
1222,2
1223,3
1224,2
1225,2
1226,2
1227,1
1228,2
1229,2
1230,3
1231,3
1232,2
1233,1
1234,3
1235,6
1236,5
1237,4
1238,1
1239,3
1240,1
1241,3
1242,3
1243,6
1244,5
1245,3
1246,3
1247,5
1248,2
1249,3
1250,3
1251,3
1252,6
1253,2
1254,3
1255,3
1256,3
1257,2
1258,3
1259,3
1260,1
1261,4
1262,2
1263,2
1264,6
1265,6
1266,3
1267,5
1268,2
1269,3
1270,3
1271,3
1272,3
1273,2
1274,6
1275,3
1276,3
1277,3
1278,6
1279,2
1280,2
1281,3
1282,6
1283,5
1284,3
1285,6
1286,6
1287,2
1288,3
1289,6
1290,2
1291,3
1292,3
1293,2
1294,3
1295,2
1296,6
1297,6
1298,3
1299,3
1300,1
1301,1
1302,3
1303,3
1304,6
1305,2
1306,6
1307,2
1308,3
1309,3
1310,2
1311,3
1312,2
1313,2
1314,2
1315,6
1316,2
1317,3
1318,6
1319,2
1320,3
1321,1
1322,3
1323,3
1324,5
1325,3
1326,3
1327,2
1328,4
1329,3
1330,3
1331,3
1332,6
1333,6
1334,3
1335,2
1336,5
1337,5
1338,3
1339,5
1340,2
1341,2
1342,3
1343,3
1344,3
1345,6
1346,2
1347,6
1348,5
1349,6
1350,3
1351,5
1352,2
1353,5
1354,6
1355,2
1356,2
1357,3
1358,5
1359,2
1360,3
1361,6
1362,2
1363,2
1364,3
1365,3
1366,3
1367,5
1368,2
1369,5
1370,6
1371,3
1372,3
1373,3
1374,1
1375,6
1376,5
1377,3
1378,3
1379,6
1380,5
1381,6
1382,3
1383,3
1384,3
1385,3
1386,1
1387,5
1388,5
1389,1
1390,5
1391,6
1392,1
1393,2
1394,6
1395,3
1396,5
1397,2
1398,1
1399,3
1400,5
1401,5
1402,6
1403,6
1404,2
1405,6
1406,5
1407,5
1408,3
1409,6
1410,1
1411,6
1412,2
1413,4
1414,6
1415,2
1416,6
1417,3
1418,3
1419,2
1420,3
1421,6
1422,2
1423,2
1424,3
1425,1
1426,2
1427,2
1428,3
1429,3
1430,5
1431,6
1432,2
1433,3
1434,3
1435,2
1436,6
1437,2
1438,2
1439,6
1440,6
1441,2
1442,6
1443,3
1444,5
1445,3
1446,5
1447,3
1448,6
1449,3
1450,6
1451,6
1452,2
1453,2
1454,3
1455,2
1456,2
1457,6
1458,2
1459,2
1460,1
1461,2
1462,5
1463,3
1464,2
1465,3
1466,1
1467,2
1468,2
1469,3
1470,3
1471,2
1472,3
1473,1
1474,3
1475,4
1476,6
1477,2
1478,2
1479,3
1480,6
1481,1
1482,6
1483,2
1484,2
1485,6
1486,5
1487,5
1488,3
1489,3
1490,2
1491,6
1492,2
1493,2
1494,2
1495,2
1496,2
1497,3
1498,6
1499,2
1500,4
1501,3
1502,3
1503,2
1504,3
1505,3
1506,2
1507,3
1508,6
1509,1
1510,1
1511,3
1512,3
1513,2
1514,2
1515,5
1516,3
1517,3
1518,2
1519,2
1520,6
1521,4
1522,3
1523,1
1524,2
1525,2
1526,3
1527,3
1528,2
1529,4
1530,3
1531,2
1532,3
1533,3
1534,6
1535,3
1536,6
1537,2
1538,3
1539,1
1540,3
1541,2
1542,6
1543,6
1544,3
1545,6
1546,2
1547,6
1548,6
1549,6
1550,6
1551,3
1552,3
1553,1
1554,5
1555,6
1556,5
1557,6
1558,6
1559,3
1560,2
1561,3
1562,3
1563,6
1564,3
1565,3
1566,3
1567,2
1568,6
1569,1
1570,3
1571,3
1572,1
1573,2
1574,6
1575,3
1576,3
1577,3
1578,2
1579,3
1580,2
1581,3
1582,2
1583,5
1584,1
1585,3
1586,2
1587,6
1588,2
1589,6
1590,3
1591,3
1592,6
1593,5
1594,2
1595,5
1596,3
1597,6
1598,3
1599,2
1600,6
1601,5
1602,2
1603,3
1604,2
1605,3
1606,2
1607,4
1608,6
1609,3
1610,3
1611,3
1612,1
1613,1
1614,3
1615,3
1616,2
1617,6
1618,2
1619,3
1620,2
1621,2
1622,1
1623,6
1624,3
1625,3
1626,2
1627,2
1628,2
1629,3
1630,3
1631,2
1632,2
1633,3
1634,2
1635,1
1636,3
1637,6
1638,2
1639,6
1640,6
1641,2
1642,2
1643,3
1644,3
1645,2
1646,6
1647,6
1648,2
1649,3
1650,2
1651,2
1652,3
1653,3
1654,3
1655,6
1656,3
1657,3
1658,3
1659,2
1660,3
1661,3
1662,2
1663,1
1664,3
1665,3
1666,1
1667,3
1668,3
1669,5
1670,3
1671,3
1672,6
1673,3
1674,3
1675,6
1676,5
1677,3
1678,4
1679,5
1680,6
1681,2
1682,1
1683,2
1684,2
1685,5
1686,3
1687,6
1688,2
1689,6
1690,2
1691,4
1692,2
1693,2
1694,5
1695,2
1696,2
1697,6
1698,3
1699,1
1700,3
1701,3
1702,3
1703,1
1704,3
1705,6
1706,2
1707,6
1708,3
1709,1
1710,2
1711,6
1712,1
1713,3
1714,1
1715,2
1716,1
1717,2
1718,4
1719,2
1720,3
1721,5
1722,2
1723,6
1724,5
1725,5
1726,5
1727,2
1728,5
1729,3
1730,2
1731,6
1732,2
1733,6
1734,2
1735,5
1736,3
1737,6
1738,2
1739,6
1740,2
1741,6
1742,2
1743,3
1744,3
1745,3
1746,2
1747,2
1748,2
1749,2
1750,3
1751,5
1752,1
1753,3
1754,3
1755,1
1756,6
1757,3
1758,6
1759,6
1760,2
1761,3
1762,6
1763,3
1764,6
1765,6
1766,2
1767,3
1768,3
1769,3
1770,5
1771,2
1772,2
1773,1
1774,2
1775,2
1776,2
1777,3
1778,1
1779,5
1780,3
1781,6
1782,3
1783,2
1784,3
1785,3
1786,2
1787,6
1788,3
1789,3
1790,1
1791,6
1792,3
1793,3
1794,6
1795,2
1796,5
1797,5
1798,3
1799,3
1800,2
1801,3
1802,3
1803,6
1804,6
1805,6
1806,2
1807,5
1808,3
1809,3
1810,3
1811,5
1812,3
1813,2
1814,6
1815,3
1816,3
1817,6
1818,1
1819,2
1820,6
1821,5
1822,4
1823,6
1824,2
1825,3
1826,1
1827,5
1828,3
1829,6
1830,3
1831,3
1832,5
1833,3
1834,3
1835,5
1836,3
1837,6
1838,5
1839,5
1840,6
1841,6
1842,6
1843,6
1844,2
1845,6
1846,3
1847,5
1848,2
1849,2
1850,1
1851,1
1852,2
1853,2
1854,3
1855,2
1856,2
1857,6
1858,6
1859,3
1860,3
1861,3
1862,3
1863,1
1864,2
1865,1
1866,3
1867,3
1868,5
1869,2
1870,3
1871,2
1872,2
1873,2
1874,3
1875,6
1876,3
1877,6
1878,2
1879,2
1880,2
1881,3
1882,3
1883,1
1884,6
1885,6
1886,5
1887,6
1888,5
1889,3
1890,5
1891,2
1892,6
1893,3
1894,3
1895,3
1896,1
1897,5
1898,2
1899,1
1900,6
1901,6
1902,5
1903,3
1904,2
1905,3
1906,2
1907,3
1908,1
1909,3
1910,2
1911,2
1912,6
1913,5
1914,3
1915,6
1916,6
1917,2
1918,2
1919,3
1920,5
1921,2
1922,6
1923,6
1924,2
1925,4
1926,2
1927,2
1928,3
1929,6
1930,3
1931,6
1932,3
1933,1
1934,2
1935,6
1936,3
1937,3
1938,2
1939,3
1940,3
1941,3
1942,2
1943,5
1944,6
1945,5
1946,6
1947,3
1948,6
1949,3
1950,3
1951,6
1952,6
1953,3
1954,6
1955,2
1956,6
1957,2
1958,3
1959,3
1960,6
1961,3
1962,1
1963,1
1964,3
1965,6
1966,1
1967,3
1968,2
1969,6
1970,5
1971,6
1972,2
1973,3
1974,3
1975,3
1976,1
1977,3
1978,1
1979,3
1980,5
1981,1
1982,3
1983,3
1984,6
1985,3
1986,1
1987,6
1988,5
1989,3
1990,6
1991,6
1992,2
1993,3
1994,2
1995,3
1996,5
1997,2
1998,1
1999,3
2000,6
2001,1
2002,3
2003,3
2004,3
2005,1
2006,3
2007,5
2008,5
2009,3
2010,1
2011,5
2012,3
2013,4
2014,6
2015,6
2016,3
2017,2
2018,6
2019,2
2020,2
2021,3
2022,3
2023,3
2024,2
2025,6
2026,6
2027,1
2028,1
2029,3
2030,3
2031,3
2032,3
2033,6
2034,2
2035,3
2036,3
2037,3
2038,6
2039,3
2040,3
2041,3
2042,1
2043,2
2044,3
2045,2
2046,2
2047,3
2048,2
2049,3
2050,3
2051,3
2052,2
2053,5
2054,2
2055,5
2056,6
2057,6
2058,2
2059,3
2060,5
2061,6
2062,5
2063,1
2064,3
2065,3
2066,6
2067,4
2068,6
2069,5
2070,2
2071,2
2072,6
2073,6
2074,3
2075,2
2076,2
2077,1
2078,6
2079,2
2080,3
2081,3
2082,2
2083,3
2084,2
2085,4
2086,5
2087,6
2088,1
2089,1
2090,6
2091,6
2092,1
2093,3
2094,3
2095,3
2096,2
2097,2
2098,6
2099,5
2100,5
2101,3
2102,4
2103,3
2104,1
2105,1
2106,5
2107,5
2108,2
2109,1
2110,3
2111,5
2112,6
2113,6
2114,6
2115,3
2116,1
2117,3
2118,2
2119,2
2120,2
2121,2
2122,3
2123,6
2124,2
2125,3
2126,5
2127,2
2128,6
2129,3
2130,2
2131,6
2132,3
2133,2
2134,3
2135,1
2136,6
2137,3
2138,6
2139,3
2140,3
2141,6
2142,2
2143,3
2144,5
2145,3
2146,3
2147,2
2148,3
2149,2
2150,6
2151,6
2152,5
2153,3
2154,2
2155,3
2156,1
2157,2
2158,2
2159,5
2160,2
2161,3
2162,2
2163,1
2164,1
2165,2
2166,3
2167,2
2168,1
2169,1
2170,3
2171,6
2172,5
2173,3
2174,3
2175,6
2176,3
2177,1
2178,2
2179,3
2180,2
2181,1
2182,3
2183,3
2184,6
2185,6
2186,5
2187,6
2188,2
2189,6
2190,3
2191,6
2192,5
2193,2
2194,1
2195,3
2196,6
2197,3
2198,1
2199,2
2200,6
2201,2
2202,5
2203,2
2204,6
2205,6
2206,3
2207,3
2208,2
2209,2
2210,3
2211,6
2212,2
2213,1
2214,3
2215,5
2216,1
2217,3
2218,3
2219,2
2220,3
2221,2
2222,2
2223,5
2224,2
2225,5
2226,6
2227,5
2228,3
2229,6
2230,5
2231,3
2232,2
2233,3
2234,5
2235,3
2236,6
2237,2
2238,2
2239,2
2240,2
2241,3
2242,3
2243,3
2244,1
2245,4
2246,6
2247,3
2248,3
2249,2
2250,3
2251,3
2252,3
2253,3
2254,2
2255,3
2256,1
2257,5
2258,3
2259,6
2260,6
2261,6
2262,3
2263,3
2264,3
2265,6
2266,3
2267,1
2268,3
2269,6
2270,2
2271,2
2272,6
2273,3
2274,3
2275,3
2276,6
2277,5
2278,2
2279,6
2280,2
2281,1
2282,2
2283,5
2284,3
2285,3
2286,5
2287,6
2288,3
2289,5
2290,3
2291,5
2292,4
2293,5
2294,2
2295,5
2296,2
2297,4
2298,5
2299,1
2300,2
2301,5
2302,5
2303,3
2304,3
2305,3
2306,5
2307,3
2308,2
2309,2
2310,3
2311,6
2312,2
2313,6
2314,2
2315,6
2316,6
2317,3
2318,3
2319,1
2320,2
2321,6
2322,6
2323,3
2324,3
2325,5
2326,1
2327,6
2328,3
2329,3
2330,3
2331,6
2332,5
2333,6
2334,3
2335,3
2336,2
2337,2
2338,6
2339,3
2340,3
2341,1
2342,3
2343,3
2344,2
2345,6
2346,5
2347,5
2348,2
2349,4
2350,3
2351,2
2352,3
2353,3
2354,3
2355,6
2356,5
2357,5
2358,3
2359,3
2360,2
2361,3
2362,3
2363,2
2364,1
2365,1
2366,6
2367,5
2368,2
2369,3
2370,3
2371,2
2372,2
2373,6
2374,6
2375,5
2376,6
2377,6
2378,1
2379,1
2380,3
2381,3
2382,2
2383,3
2384,2
2385,3
2386,2
2387,2
2388,1
2389,3
2390,3
2391,2
2392,6
2393,3
2394,6
2395,3
2396,3
2397,3
2398,6
2399,6
2400,1
2401,6
2402,2
2403,2
2404,6
2405,2
2406,3
2407,3
2408,5
2409,2
2410,3
2411,5
2412,3
2413,3
2414,3
2415,5
2416,6
2417,2
2418,3
2419,1
2420,3
2421,2
2422,6
2423,3
2424,2
2425,3
2426,2
2427,3
2428,6
2429,2
2430,2
2431,6
2432,2
2433,5
2434,6
2435,3
2436,6
2437,3
2438,3
2439,3
2440,3
2441,2
2442,2
2443,2
2444,3
2445,3
2446,3
2447,2
2448,3
2449,2
2450,2
2451,6
2452,6
2453,5
2454,5
2455,5
2456,2
2457,4
2458,3
2459,4
2460,2
2461,6
2462,2
2463,2
2464,2
2465,2
2466,2
2467,2
2468,6
2469,2
2470,5
2471,6
2472,3
2473,3
2474,3
2475,3
2476,6
2477,6
2478,3
2479,1
2480,1
2481,1
2482,2
2483,2
2484,5
2485,3
2486,1
2487,5
2488,5
2489,3
2490,6
2491,6
2492,5
2493,6
2494,1
2495,2
2496,3
2497,2
2498,3
2499,3
2500,2
2501,6
2502,3
2503,3
2504,5
2505,2
2506,2
2507,3
2508,6
2509,6
2510,3
2511,2
2512,1
2513,3
2514,1
2515,3
2516,3
2517,6
2518,5
2519,2
2520,2
2521,6
2522,5
2523,3
2524,2
2525,3
2526,2
2527,6
2528,2
2529,6
2530,3
2531,6
2532,2
2533,6
2534,6
2535,3
2536,3
2537,2
2538,2
2539,2
2540,5
2541,5
2542,3
2543,3
2544,2
2545,2
2546,3
2547,6
2548,2
2549,5
2550,2
2551,3
2552,3
2553,3
2554,3
2555,5
2556,3
2557,3
2558,2
2559,2
2560,3
2561,2
2562,3
2563,1
2564,6
2565,2
2566,6
2567,2
2568,3
2569,5
2570,1
2571,4
2572,3
2573,2
2574,6
2575,5
2576,1
2577,3
2578,3
2579,2
2580,2
2581,3
2582,2
2583,3
2584,3
2585,2
2586,3
2587,3
2588,4
2589,3
2590,3
2591,2
2592,2
2593,1
2594,3
2595,6
2596,4
2597,3
2598,2
2599,3
2600,6
2601,3
2602,3
2603,3
2604,6
2605,2
2606,5
2607,1
2608,2
2609,6
2610,4
2611,5
2612,2
2613,1
2614,6
2615,1
2616,6
2617,2
2618,3
2619,3
2620,6
2621,5
2622,2
2623,2
2624,2
2625,3
2626,2
2627,3
2628,2
2629,2
2630,3
2631,6
2632,2
2633,3
2634,6
2635,6
2636,3
2637,1
2638,3
2639,3
2640,3
2641,1
2642,3
2643,3
2644,1
2645,5
2646,6
2647,2
2648,2
2649,3
2650,3
2651,2
2652,3
2653,6
2654,6
2655,6
2656,3
2657,3
2658,2
2659,5
2660,6
2661,3
2662,6
2663,3
2664,6
2665,3
2666,6
2667,2
2668,2
2669,6
2670,6
2671,6
2672,1
2673,2
2674,5
2675,3
2676,2
2677,3
2678,6
2679,5
2680,1
2681,6
2682,2
2683,5
2684,2
2685,5
2686,2
2687,3
2688,2
2689,3
2690,1
2691,1
2692,3
2693,3
2694,2
2695,3
2696,6
2697,2
2698,2
2699,6
2700,1
2701,6
2702,1
2703,1
2704,2
2705,3
2706,2
2707,3
2708,2
2709,3
2710,2
2711,3
2712,3
2713,3
2714,5
2715,3
2716,2
2717,2
2718,2
2719,6
2720,2
2721,5
2722,5
2723,5
2724,3
2725,1
2726,3
2727,3
2728,1
2729,5
2730,6
2731,1
2732,3
2733,6
2734,2
2735,6
2736,6
2737,5
2738,3
2739,3
2740,6
2741,3
2742,3
2743,3
2744,3
2745,1
2746,5
2747,3
2748,3
2749,2
2750,2
2751,3
2752,1
2753,5
2754,2
2755,6
2756,6
2757,3
2758,3
2759,3
2760,1
2761,2
2762,5
2763,2
2764,2
2765,4
2766,3
2767,5
2768,5
2769,6
2770,6
2771,5
2772,6
2773,5
2774,6
2775,3
2776,3
2777,5
2778,3
2779,4
2780,6
2781,3
2782,6
2783,3
2784,1
2785,5
2786,3
2787,3
2788,6
2789,1
2790,2
2791,6
2792,6
2793,2
2794,6
2795,3
2796,1
2797,2
2798,3
2799,6
2800,3
2801,1
2802,6
2803,3
2804,6
2805,3
2806,6
2807,6
2808,1
2809,3
2810,3
2811,6
2812,3
2813,1
2814,3
2815,2
2816,5
2817,3
2818,3
2819,3
2820,1
2821,2
2822,5
2823,1
2824,3
2825,1
2826,6
2827,1
2828,3
2829,3
2830,2
2831,5
2832,2
2833,2
2834,3
2835,3
2836,2
2837,2
2838,1
2839,6
2840,3
2841,3
2842,2
2843,5
2844,3
2845,2
2846,6
2847,2
2848,3
2849,2
2850,1
2851,1
2852,2
2853,3
2854,6
2855,2
2856,6
2857,5
2858,1
2859,3
2860,6
2861,3
2862,3
2863,3
2864,3
2865,5
2866,2
2867,5
2868,3
2869,5
2870,6
2871,5
2872,3
2873,1
2874,6
2875,2
2876,2
2877,6
2878,2
2879,6
2880,6
2881,6
2882,3
2883,3
2884,2
2885,3
2886,3
2887,5
2888,3
2889,6
2890,6
2891,3
2892,6
2893,3
2894,3
2895,4
2896,2
2897,3
2898,3
2899,3
2900,1
2901,4
2902,2
2903,1
2904,2
2905,2
2906,3
2907,3
2908,6
2909,3
2910,4
2911,5
2912,2
2913,2
2914,2
2915,5
2916,6
2917,2
2918,2
2919,3
2920,6
2921,6
2922,2
2923,2
2924,1
2925,3
2926,6
2927,3
2928,3
2929,3
2930,2
2931,3
2932,3
2933,2
2934,3
2935,1
2936,3
2937,3
2938,2
2939,3
2940,3
2941,4
2942,2
2943,6
2944,6
2945,2
2946,6
2947,2
2948,3
2949,6
2950,5
2951,3
2952,6
2953,5
2954,3
2955,1
2956,5
2957,3
2958,3
2959,5
2960,3
2961,3
2962,2
2963,3
2964,3
2965,1
2966,1
2967,2
2968,3
2969,3
2970,3
2971,3
2972,2
2973,6
2974,6
2975,1
2976,2
2977,3
2978,3
2979,3
2980,5
2981,2
2982,6
2983,6
2984,5
2985,6
2986,6
2987,3
2988,6
2989,2
2990,2
2991,1
2992,3
2993,3
2994,6
2995,3
2996,6
2997,2
2998,2
2999,2
3000,5
3001,3
3002,6
3003,3
3004,5
3005,2
3006,2
3007,5
3008,3
3009,1
3010,3
3011,5
3012,2
3013,4
3014,2
3015,4
3016,3
3017,2
3018,3
3019,3
3020,6
3021,6
3022,6
3023,2
3024,2
3025,6
3026,5
3027,3
3028,3
3029,6
3030,5
3031,3
3032,3
3033,6
3034,3
3035,3
3036,1
3037,6
3038,5
3039,2
3040,3
3041,3
3042,1
3043,2
3044,2
3045,6
3046,6
3047,6
3048,2
3049,5
3050,2
3051,2
3052,3
3053,6
3054,5
3055,2
3056,1
3057,3
3058,2
3059,2
3060,2
3061,3
3062,6
3063,3
3064,3
3065,5
3066,3
3067,3
3068,3
3069,3
3070,3
3071,3
3072,6
3073,3
3074,3
3075,3
3076,2
3077,5
3078,2
3079,1
3080,3
3081,3
3082,2
3083,2
3084,5
3085,3
3086,6
3087,3
3088,2
3089,3
3090,6
3091,2
3092,6
3093,3
3094,3
3095,2
3096,5
3097,2
3098,2
3099,2
3100,1
3101,2
3102,2
3103,5
3104,5
3105,5
3106,3
3107,3
3108,6
3109,1
3110,3
3111,3
3112,5
3113,5
3114,3
3115,1
3116,2
3117,2
3118,3
3119,2
3120,2
3121,6
3122,6
3123,6
3124,3
3125,1
3126,3
3127,3
3128,2
3129,1
3130,3
3131,3
3132,5
3133,2
3134,2
3135,1
3136,2
3137,1
3138,3
3139,3
3140,6
3141,2
3142,3
3143,2
3144,6
3145,2
3146,6
3147,5
3148,6
3149,2
3150,3
3151,6
3152,6
3153,3
3154,5
3155,3
3156,3
3157,2
3158,3
3159,5
3160,2
3161,3
3162,2
3163,3
3164,1
3165,3
3166,6
3167,3
3168,6
3169,6
3170,3
3171,3
3172,3
3173,2
3174,1
3175,2
3176,3
3177,2
3178,3
3179,3
3180,3
3181,3
3182,5
3183,2
3184,6
3185,2
3186,1
3187,5
3188,3
3189,3
3190,2
3191,6
3192,3
3193,3
3194,6
3195,4
3196,3
3197,3
3198,2
3199,2
3200,1
3201,3
3202,2
3203,3
3204,2
3205,2
3206,6
3207,5
3208,3
3209,3
3210,3
3211,2
3212,6
3213,5
3214,3
3215,2
3216,2
3217,3
3218,1
3219,2
3220,5
3221,3
3222,3
3223,3
3224,6
3225,6
3226,1
3227,2
3228,5
3229,3
3230,3
3231,5
3232,3
3233,2
3234,5
3235,2
3236,6
3237,3
3238,2
3239,2
3240,5
3241,3
3242,3
3243,2
3244,3
3245,3
3246,2
3247,5
3248,3
3249,2
3250,3
3251,2
3252,6
3253,3
3254,2
3255,3
3256,5
3257,2
3258,2
3259,1
3260,6
3261,6
3262,3
3263,2
3264,3
3265,6
3266,2
3267,3
3268,3
3269,3
3270,6
3271,6
3272,2
3273,2
3274,1
3275,6
3276,3
3277,3
3278,2
3279,1
3280,3
3281,3
3282,3
3283,6
3284,3
3285,6
3286,2
3287,3
3288,2
3289,2
3290,2
3291,3
3292,3
3293,1
3294,2
3295,3
3296,3
3297,1
3298,3
3299,2
3300,5
3301,6
3302,5
3303,6
3304,6
3305,3
3306,3
3307,1
3308,1
3309,6
3310,4
3311,1
3312,2
3313,5
3314,2
3315,1
3316,3
3317,6
3318,6
3319,1
3320,3
3321,3
3322,3
3323,2
3324,2
3325,3
3326,2
3327,1
3328,5
3329,6
3330,5
3331,3
3332,4
3333,5
3334,2
3335,6
3336,3
3337,5
3338,6
3339,5
3340,3
3341,2
3342,2
3343,3
3344,2
3345,3
3346,2
3347,3
3348,3
3349,5
3350,6
3351,5
3352,2
3353,5
3354,1
3355,5
3356,2
3357,2
3358,2
3359,6
3360,3
3361,3
3362,3
3363,1
3364,5
3365,3
3366,3
3367,2
3368,1
3369,5
3370,3
3371,2
3372,2
3373,3
3374,2
3375,2
3376,6
3377,2
3378,3
3379,5
3380,2
3381,4
3382,1
3383,3
3384,2
3385,2
3386,5
3387,2
3388,1
3389,3
3390,3
3391,3
3392,2
3393,6
3394,3
3395,3
3396,1
3397,3
3398,6
3399,2
3400,3
3401,6
3402,3
3403,3
3404,6
3405,2
3406,3
3407,2
3408,5
3409,5
3410,5
3411,3
3412,1
3413,6
3414,4
3415,6
3416,3
3417,3
3418,1
3419,2
3420,2
3421,3
3422,3
3423,4
3424,1
3425,3
3426,6
3427,1
3428,2
3429,5
3430,4
3431,5
3432,3
3433,2
3434,5
3435,1
3436,2
3437,2
3438,2
3439,3
3440,2
3441,6
3442,2
3443,1
3444,2
3445,5
3446,3
3447,3
3448,1
3449,3
3450,6
3451,6
3452,6
3453,6
3454,3
3455,1
3456,3
3457,3
3458,2
3459,2
3460,3
3461,3
3462,3
3463,5
3464,3
3465,2
3466,5
3467,6
3468,6
3469,3
3470,2
3471,3
3472,1
3473,4
3474,5
3475,4
3476,1
3477,6
3478,3
3479,3
3480,6
3481,6
3482,6
3483,3
3484,2
3485,5
3486,3
3487,1
3488,6
3489,3
3490,6
3491,6
3492,3
3493,2
3494,3
3495,2
3496,6
3497,6
3498,6
3499,3
3500,3
3501,6
3502,1
3503,3
3504,5
3505,2
3506,5
3507,1
3508,6
3509,3
3510,6
3511,6
3512,1
3513,6
3514,2
3515,6
3516,2
3517,6
3518,2
3519,6
3520,5
3521,3
3522,3
3523,3
3524,3
3525,6
3526,3
3527,2
3528,3
3529,6
3530,6
3531,5
3532,2
3533,3
3534,3
3535,2
3536,3
3537,3
3538,3
3539,4
3540,3
3541,3
3542,3
3543,3
3544,5
3545,6
3546,6
3547,2
3548,2
3549,6
3550,3
3551,6
3552,3
3553,5
3554,3
3555,2
3556,3
3557,5
3558,3
3559,6
3560,6
3561,2
3562,2
3563,2
3564,1
3565,6
3566,3
3567,6
3568,5
3569,6
3570,3
3571,6
3572,2
3573,2
3574,2
3575,2
3576,3
3577,2
3578,3
3579,3
3580,3
3581,3
3582,3
3583,5
3584,3
3585,6
3586,1
3587,3
3588,6
3589,6
3590,3
3591,5
3592,3
3593,6
3594,2
3595,6
3596,2
3597,3
3598,3
3599,3
3600,1
3601,2
3602,3
3603,3
3604,6
3605,2
3606,3
3607,2
3608,6
3609,6
3610,3
3611,3
3612,2
3613,3
3614,5
3615,2
3616,3
3617,2
3618,6
3619,1
3620,2
3621,3
3622,2
3623,3
3624,6
3625,6
3626,3
3627,6
3628,1
3629,5
3630,1
3631,3
3632,1
3633,1
3634,3
3635,6
3636,1
3637,3
3638,2
3639,6
3640,6
3641,3
3642,3
3643,3
3644,2
3645,3
3646,6
3647,6
3648,1
3649,2
3650,1
3651,5
3652,2
3653,6
3654,3
3655,2
3656,6
3657,2
3658,2
3659,2
3660,3
3661,5
3662,3
3663,3
3664,5
3665,3
3666,6
3667,3
3668,6
3669,6
3670,1
3671,3
3672,5
3673,3
3674,2
3675,3
3676,3
3677,6
3678,6
3679,2
3680,6
3681,3
3682,6
3683,6
3684,5
3685,2
3686,3
3687,2
3688,6
3689,5
3690,6
3691,3
3692,3
3693,2
3694,2
3695,5
3696,2
3697,3
3698,2
3699,5
3700,3
3701,5
3702,3
3703,1
3704,6
3705,6
3706,3
3707,6
3708,5
3709,5
3710,3
3711,3
3712,3
3713,5
3714,6
3715,6
3716,2
3717,6
3718,6
3719,5
3720,2
3721,6
3722,3
3723,1
3724,6
3725,3
3726,2
3727,5
3728,3
3729,6
3730,2
3731,3
3732,3
3733,6
3734,5
3735,3
3736,2
3737,3
3738,5
3739,1
3740,3
3741,2
3742,3
3743,2
3744,1
3745,3
3746,6
3747,5
3748,5
3749,3
3750,3
3751,1
3752,3
3753,6
3754,1
3755,6
3756,2
3757,2
3758,2
3759,3
3760,3
3761,3
3762,3
3763,3
3764,2
3765,5
3766,5
3767,3
3768,5
3769,6
3770,5
3771,1
3772,3
3773,6
3774,6
3775,2
3776,4
3777,3
3778,3
3779,3
3780,3
3781,6
3782,6
3783,3
3784,3
3785,2
3786,3
3787,3
3788,6
3789,2
3790,3
3791,3
3792,2
3793,3
3794,2
3795,2
3796,2
3797,1
3798,6
3799,3
3800,2
3801,6
3802,2
3803,2
3804,3
3805,2
3806,3
3807,1
3808,6
3809,2
3810,5
3811,3
3812,2
3813,3
3814,3
3815,6
3816,5
3817,5
3818,1
3819,6
3820,6
3821,5
3822,5
3823,3
3824,3
3825,5
3826,2
3827,6
3828,2
3829,3
3830,6
3831,3
3832,2
3833,6
3834,6
3835,2
3836,5
3837,5
3838,2
3839,3
3840,6
3841,3
3842,2
3843,3
3844,3
3845,2
3846,3
3847,2
3848,6
3849,4
3850,5
3851,5
3852,3
3853,6
3854,1
3855,3
3856,3
3857,2
3858,2
3859,6
3860,3
3861,2
3862,1
3863,3
3864,6
3865,2
3866,3
3867,1
3868,2
3869,1
3870,6
3871,5
3872,6
3873,2
3874,3
3875,5
3876,3
3877,2
3878,6
3879,6
3880,6
3881,2
3882,6
3883,3
3884,3
3885,3
3886,6
3887,4
3888,3
3889,2
3890,2
3891,3
3892,6
3893,3
3894,3
3895,6
3896,6
3897,2
3898,5
3899,2
3900,1
3901,3
3902,6
3903,3
3904,5
3905,3
3906,3
3907,1
3908,3
3909,6
3910,6
3911,1
3912,4
3913,6
3914,3
3915,1
3916,2
3917,3
3918,5
3919,6
3920,6
3921,6
3922,3
3923,3
3924,6
3925,6
3926,1
3927,3
3928,2
3929,2
3930,2
3931,3
3932,3
3933,5
3934,6
3935,6
3936,2
3937,3
3938,6
3939,5
3940,1
3941,6
3942,5
3943,6
3944,2
3945,6
3946,2
3947,3
3948,6
3949,3
3950,6
3951,4
3952,3
3953,3
3954,1
3955,5
3956,3
3957,2
3958,3
3959,6
3960,4
3961,3
3962,3
3963,2
3964,2
3965,2
3966,2
3967,3
3968,2
3969,6
3970,3
3971,2
3972,5
3973,2
3974,6
3975,6
3976,2
3977,2
3978,3
3979,6
3980,6
3981,3
3982,5
3983,5
3984,6
3985,3
3986,3
3987,6
3988,3
3989,2
3990,3
3991,6
3992,2
3993,6
3994,6
3995,3
3996,6
3997,5
3998,6
3999,2
4000,2
4001,3
4002,6
4003,6
4004,3
4005,6
4006,3
4007,2
4008,2
4009,2
4010,1
4011,2
4012,6
4013,2
4014,2
4015,5
4016,5
4017,5
4018,6
4019,3
4020,3
4021,3
4022,3
4023,2
4024,6
4025,2
4026,5
4027,1
4028,6
4029,3
4030,2
4031,1
4032,2
4033,3
4034,3
4035,4
4036,6
4037,2
4038,1
4039,1
4040,3
4041,2
4042,6
4043,2
4044,1
4045,2
4046,2
4047,6
4048,3
4049,2
4050,6
4051,1
4052,2
4053,3
4054,3
4055,6
4056,2
4057,3
4058,3
4059,3
4060,5
4061,2
4062,3
4063,6
4064,1
4065,2
4066,1
4067,6
4068,2
4069,1
4070,3
4071,3
4072,6
4073,6
4074,6
4075,3
4076,2
4077,3
4078,5
4079,2
4080,2
4081,2
4082,5
4083,6
4084,2
4085,2
4086,2
4087,3
4088,3
4089,6
4090,1
4091,6
4092,3
4093,6
4094,2
4095,6
4096,3
4097,6
4098,3
4099,3
4100,3
4101,3
4102,3
4103,6
4104,2
4105,3
4106,5
4107,3
4108,2
4109,3
4110,6
4111,2
4112,2
4113,6
4114,6
4115,5
4116,6
4117,6
4118,3
4119,2
4120,6
4121,6
4122,5
4123,6
4124,2
4125,2
4126,2
4127,6
4128,2
4129,3
4130,3
4131,3
4132,2
4133,2
4134,1
4135,6
4136,3
4137,3
4138,3
4139,2
4140,3
4141,3
4142,3
4143,3
4144,3
4145,2
4146,4
4147,2
4148,2
4149,3
4150,3
4151,3
4152,6
4153,5
4154,3
4155,1
4156,6
4157,6
4158,3
4159,3
4160,2
4161,5
4162,3
4163,2
4164,6
4165,2
4166,6
4167,3
4168,2
4169,2
4170,2
4171,1
4172,6
4173,1
4174,2
4175,3
4176,3
4177,3
4178,6
4179,2
4180,1
4181,3
4182,2
4183,3
4184,3
4185,2
4186,1
4187,1
4188,3
4189,3
4190,3
4191,6
4192,2
4193,2
4194,5
4195,3
4196,3
4197,3
4198,2
4199,3
4200,2
4201,5
4202,3
4203,2
4204,2
4205,5
4206,6
4207,4
4208,6
4209,3
4210,2
4211,6
4212,3
4213,3
4214,2
4215,2
4216,5
4217,2
4218,3
4219,2
4220,3
4221,6
4222,4
4223,2
4224,2
4225,6
4226,2
4227,3
4228,6
4229,6
4230,2
4231,3
4232,2
4233,6
4234,6
4235,3
4236,2
4237,1
4238,6
4239,1
4240,6
4241,3
4242,2
4243,6
4244,3
4245,3
4246,2
4247,2
4248,6
4249,3
4250,3
4251,6
4252,5
4253,1
4254,6
4255,2
4256,1
4257,3
4258,6
4259,3
4260,6
4261,2
4262,6
4263,3
4264,2
4265,5
4266,6
4267,2
4268,3
4269,2
4270,3
4271,2
4272,6
4273,1
4274,2
4275,3
4276,3
4277,3
4278,2
4279,3
4280,6
4281,5
4282,2
4283,3
4284,3
4285,3
4286,2
4287,5
4288,1
4289,2
4290,6
4291,3
4292,1
4293,3
4294,1
4295,2
4296,6
4297,5
4298,3
4299,3
4300,3
4301,2
4302,3
4303,2
4304,3
4305,5
4306,1
4307,3
4308,3
4309,5
4310,5
4311,5
4312,2
4313,1
4314,2
4315,5
4316,3
4317,2
4318,3
4319,2
4320,2
4321,3
4322,6
4323,6
4324,3
4325,5
4326,3
4327,3
4328,6
4329,3
4330,6
4331,3
4332,3
4333,3
4334,3
4335,3
4336,3
4337,1
4338,3
4339,2
4340,3
4341,6
4342,6
4343,6
4344,2
4345,3
4346,4
4347,2
4348,6
4349,6
4350,3
4351,5
4352,3
4353,3
4354,6
4355,3
4356,6
4357,6
4358,6
4359,3
4360,5
4361,3
4362,1
4363,2
4364,3
4365,2
4366,2
4367,3
4368,1
4369,3
4370,3
4371,1
4372,2
4373,3
4374,2
4375,5
4376,3
4377,2
4378,5
4379,3
4380,6
4381,3
4382,3
4383,2
4384,3
4385,5
4386,5
4387,3
4388,2
4389,6
4390,3
4391,3
4392,1
4393,5
4394,5
4395,1
4396,2
4397,2
4398,5
4399,3
4400,3
4401,6
4402,5
4403,6
4404,1
4405,1
4406,2
4407,6
4408,3
4409,3
4410,3
4411,4
4412,6
4413,4
4414,3
4415,2
4416,6
4417,3
4418,1
4419,6
4420,2
4421,3
4422,2
4423,3
4424,6
4425,2
4426,4
4427,2
4428,3
4429,3
4430,6
4431,5
4432,4
4433,2
4434,3
4435,2
4436,5
4437,6
4438,2
4439,5
4440,6
4441,2
4442,1
4443,3
4444,3
4445,6
4446,5
4447,3
4448,3
4449,3
4450,2
4451,3
4452,3
4453,3
4454,1
4455,3
4456,6
4457,5
4458,6
4459,1
4460,6
4461,4
4462,1
4463,3
4464,6
4465,3
4466,3
4467,6
4468,3
4469,3
4470,3
4471,2
4472,5
4473,3
4474,4
4475,3
4476,3
4477,5
4478,3
4479,1
4480,2
4481,3
4482,1
4483,5
4484,5
4485,6
4486,2
4487,1
4488,6
4489,2
4490,4
4491,5
4492,3
4493,2
4494,6
4495,6
4496,2
4497,1
4498,3
4499,4
4500,1
4501,5
4502,3
4503,6
4504,1
4505,2
4506,6
4507,5
4508,5
4509,3
4510,3
4511,2
4512,2
4513,3
4514,6
4515,3
4516,5
4517,6
4518,5
4519,3
4520,3
4521,3
4522,5
4523,3
4524,3
4525,5
4526,6
4527,3
4528,3
4529,1
4530,3
4531,2
4532,3
4533,6
4534,2
4535,1
4536,3
4537,6
4538,6
4539,6
4540,3
4541,2
4542,2
4543,2
4544,2
4545,2
4546,2
4547,3
4548,3
4549,6
4550,2
4551,2
4552,1
4553,2
4554,3
4555,2
4556,2
4557,6
4558,3
4559,3
4560,6
4561,3
4562,3
4563,3
4564,2
4565,2
4566,3
4567,2
4568,3
4569,3
4570,3
4571,3
4572,5
4573,2
4574,6
4575,2
4576,3
4577,6
4578,2
4579,3
4580,5
4581,2
4582,2
4583,2
4584,3
4585,2
4586,6
4587,6
4588,3
4589,5
4590,3
4591,6
4592,3
4593,6
4594,2
4595,6
4596,3
4597,5
4598,6
4599,6
4600,5
4601,2
4602,6
4603,2
4604,2
4605,3
4606,3
4607,3
4608,6
4609,2
4610,2
4611,3
4612,2
4613,3
4614,2
4615,6
4616,3
4617,6
4618,6
4619,3
4620,2
4621,6
4622,6
4623,4
4624,2
4625,2
4626,3
4627,2
4628,3
4629,3
4630,3
4631,2
4632,2
4633,2
4634,2
4635,6
4636,2
4637,2
4638,6
4639,3
4640,6
4641,2
4642,6
4643,3
4644,3
4645,5
4646,2
4647,3
4648,3
4649,2
4650,6
4651,3
4652,3
4653,2
4654,6
4655,2
4656,2
4657,2
4658,2
4659,3
4660,5
4661,3
4662,5
4663,6
4664,2
4665,2
4666,3
4667,3
4668,3
4669,6
4670,5
4671,3
4672,1
4673,3
4674,6
4675,6
4676,3
4677,5
4678,6
4679,5
4680,6
4681,1
4682,5
4683,3
4684,3
4685,3
4686,1
4687,6
4688,5
4689,2
4690,5
4691,3
4692,5
4693,6
4694,1
4695,2
4696,6
4697,3
4698,4
4699,6
4700,2
4701,5
4702,3
4703,2
4704,2
4705,6
4706,2
4707,2
4708,6
4709,2
4710,2
4711,6
4712,6
4713,1
4714,2
4715,2
4716,3
4717,3
4718,5
4719,2
4720,3
4721,1
4722,4
4723,3
4724,6
4725,2
4726,6
4727,6
4728,6
4729,3
4730,2
4731,6
4732,3
4733,3
4734,6
4735,2
4736,2
4737,4
4738,3
4739,3
4740,2
4741,5
4742,3
4743,5
4744,2
4745,6
4746,6
4747,5
4748,2
4749,6
4750,6
4751,3
4752,3
4753,5
4754,6
4755,3
4756,2
4757,3
4758,2
4759,2
4760,2
4761,5
4762,3
4763,5
4764,3
4765,2
4766,2
4767,1
4768,3
4769,2
4770,1
4771,1
4772,6
4773,2
4774,5
4775,2
4776,6
4777,6
4778,1
4779,2
4780,3
4781,2
4782,2
4783,2
4784,6
4785,2
4786,3
4787,2
4788,5
4789,2
4790,3
4791,3
4792,3
4793,5
4794,2
4795,2
4796,5
4797,5
4798,3
4799,2
4800,2
4801,6
4802,6
4803,3
4804,6
4805,3
4806,2
4807,2
4808,6
4809,3
4810,3
4811,2
4812,2
4813,6
4814,3
4815,2
4816,1
4817,6
4818,5
4819,6
4820,5
4821,3
4822,1
4823,2
4824,3
4825,3
4826,2
4827,6
4828,3
4829,2
4830,6
4831,3
4832,3
4833,2
4834,6
4835,2
4836,3
4837,5
4838,2
4839,6
4840,2
4841,6
4842,6
4843,5
4844,3
4845,6
4846,6
4847,6
4848,5
4849,6
4850,3
4851,5
4852,3
4853,2
4854,3
4855,3
4856,3
4857,2
4858,3
4859,3
4860,2
4861,2
4862,3
4863,3
4864,3
4865,3
4866,5
4867,6
4868,2
4869,3
4870,3
4871,2
4872,2
4873,3
4874,2
4875,2
4876,3
4877,3
4878,6
4879,3
4880,3
4881,6
4882,3
4883,3
4884,3
4885,3
4886,5
4887,3
4888,5
4889,3
4890,3
4891,3
4892,3
4893,2
4894,3
4895,5
4896,2
4897,2
4898,5
4899,3
4900,5
4901,3
4902,6
4903,5
4904,5
4905,2
4906,2
4907,2
4908,6
4909,3
4910,5
4911,6
4912,3
4913,2
4914,4
4915,3
4916,2
4917,3
4918,2
4919,3
4920,3
4921,3
4922,4
4923,3
4924,3
4925,3
4926,2
4927,2
4928,3
4929,2
4930,2
4931,6
4932,3
4933,2
4934,3
4935,3
4936,3
4937,2
4938,2
4939,2
4940,3
4941,6
4942,5
4943,2
4944,2
4945,6
4946,6
4947,2
4948,3
4949,2
4950,6
4951,2
4952,2
4953,2
4954,2
4955,2
4956,3
4957,3
4958,2
4959,2
4960,6
4961,6
4962,5
4963,3
4964,6
4965,5
4966,5
4967,3
4968,6
4969,2
4970,6
4971,3
4972,3
4973,3
4974,3
4975,6
4976,3
4977,3
4978,3
4979,1
4980,3
4981,2
4982,3
4983,3
4984,6
4985,3
4986,3
4987,2
4988,3
4989,6
4990,2
4991,5
4992,2
4993,6
4994,3
4995,3
4996,2
4997,2
4998,1
4999,5
5000,3
5001,1
5002,3
5003,3
5004,6
5005,1
5006,5
5007,2
5008,2
5009,3
5010,3
5011,1
5012,3
5013,6
5014,6
5015,5
5016,2
5017,2
5018,5
5019,5
5020,3
5021,2
5022,1
5023,3
5024,2
5025,2
5026,2
5027,3
5028,3
5029,1
5030,2
5031,3
5032,5
5033,6
5034,3
5035,2
5036,3
5037,3
5038,5
5039,2
5040,5
5041,6
5042,1
5043,1
5044,3
5045,6
5046,3
5047,3
5048,3
5049,2
5050,6
5051,5
5052,3
5053,3
5054,3
5055,5
5056,2
5057,6
5058,1
5059,6
5060,3
5061,2
5062,3
5063,1
5064,3
5065,2
5066,6
5067,6
5068,5
5069,2
5070,2
5071,2
5072,6
5073,6
5074,6
5075,6
5076,3
5077,2
5078,2
5079,5
5080,3
5081,3
5082,3
5083,5
5084,6
5085,2
5086,3
5087,1
5088,6
5089,6
5090,5
5091,2
5092,3
5093,6
5094,3
5095,3
5096,3
5097,3
5098,1
5099,4
5100,6
5101,3
5102,3
5103,2
5104,3
5105,2
5106,6
5107,2
5108,2
5109,3
5110,6
5111,3
5112,2
5113,6
5114,1
5115,3
5116,3
5117,3
5118,2
5119,3
5120,3
5121,2
5122,6
5123,2
5124,3
5125,2
5126,1
5127,6
5128,2
5129,4
5130,2
5131,6
5132,6
5133,1
5134,2
5135,2
5136,6
5137,1
5138,3
5139,2
5140,3
5141,2
5142,3
5143,1
5144,2
5145,5
5146,2
5147,3
5148,6
5149,5
5150,3
5151,5
5152,5
5153,2
5154,3
5155,3
5156,1
5157,2
5158,6
5159,2
5160,1
5161,3
5162,5
5163,2
5164,1
5165,5
5166,1
5167,6
5168,3
5169,3
5170,5
5171,3
5172,6
5173,6
5174,5
5175,2
5176,5
5177,2
5178,5
5179,2
5180,3
5181,2
5182,3
5183,3
5184,2
5185,1
5186,3
5187,2
5188,3
5189,3
5190,5
5191,3
5192,3
5193,6
5194,3
5195,5
5196,5
5197,3
5198,3
5199,6
5200,3
5201,6
5202,6
5203,2
5204,2
5205,2
5206,2
5207,6
5208,5
5209,3
5210,3
5211,1
5212,5
5213,5
5214,1
5215,2
5216,5
5217,2
5218,2
5219,3
5220,1
5221,1
5222,2
5223,6
5224,5
5225,6
