"Id","Genres"
1,2
2,3
3,2
4,3
5,3
6,3
7,3
8,3
9,3
10,3
11,3
12,3
13,2
14,3
15,3
16,2
17,3
18,3
19,2
20,3
21,3
22,3
23,3
24,3
25,3
26,3
27,3
28,3
29,3
30,3
31,3
32,2
33,3
34,3
35,2
36,3
37,3
38,2
39,3
40,3
41,2
42,3
43,2
44,3
45,3
46,3
47,3
48,3
49,2
50,3
51,2
52,3
53,3
54,3
55,3
56,3
57,3
58,3
59,3
60,3
61,3
62,3
63,3
64,2
65,2
66,3
67,3
68,2
69,3
70,3
71,2
72,3
73,2
74,3
75,3
76,3
77,3
78,3
79,3
80,3
81,3
82,2
83,3
84,2
85,3
86,3
87,3
88,3
89,3
90,3
91,2
92,3
93,3
94,3
95,3
96,3
97,3
98,3
99,3
100,3
101,3
102,3
103,3
104,3
105,3
106,2
107,3
108,3
109,3
110,3
111,3
112,3
113,3
114,3
115,2
116,3
117,3
118,3
119,3
120,2
121,2
122,3
123,2
124,3
125,3
126,2
127,3
128,3
129,2
130,3
131,3
132,3
133,2
134,2
135,3
136,3
137,3
138,3
139,3
140,3
141,3
142,3
143,3
144,3
145,3
146,3
147,3
148,3
149,3
150,2
151,3
152,3
153,3
154,3
155,2
156,3
157,3
158,3
159,3
160,2
161,3
162,2
163,3
164,3
165,2
166,3
167,3
168,2
169,3
170,2
171,3
172,3
173,3
174,3
175,3
176,3
177,3
178,3
179,3
180,3
181,3
182,2
183,3
184,2
185,3
186,3
187,2
188,3
189,3
190,3
191,3
192,3
193,3
194,2
195,3
196,3
197,3
198,3
199,3
200,3
201,2
202,3
203,3
204,3
205,2
206,3
207,3
208,3
209,3
210,3
211,3
212,3
213,3
214,3
215,3
216,2
217,3
218,3
219,3
220,3
221,3
222,3
223,3
224,2
225,3
226,3
227,3
228,3
229,3
230,3
231,3
232,2
233,2
234,3
235,3
236,3
237,3
238,3
239,3
240,3
241,3
242,3
243,2
244,3
245,3
246,2
247,2
248,3
249,2
250,3
251,3
252,3
253,2
254,3
255,3
256,3
257,3
258,3
259,3
260,3
261,3
262,3
263,3
264,3
265,3
266,3
267,3
268,3
269,3
270,3
271,2
272,2
273,3
274,3
275,3
276,3
277,2
278,3
279,3
280,3
281,3
282,3
283,3
284,3
285,3
286,3
287,3
288,3
289,3
290,3
291,3
292,3
293,3
294,3
295,3
296,3
297,3
298,3
299,3
300,3
301,3
302,2
303,3
304,3
305,3
306,3
307,3
308,3
309,3
310,3
311,2
312,3
313,3
314,3
315,3
316,3
317,3
318,3
319,3
320,3
321,2
322,2
323,3
324,3
325,3
326,3
327,2
328,3
329,3
330,3
331,2
332,2
333,3
334,3
335,2
336,3
337,3
338,3
339,2
340,3
341,3
342,2
343,2
344,3
345,2
346,3
347,3
348,3
349,3
350,3
351,3
352,3
353,2
354,3
355,3
356,3
357,2
358,3
359,2
360,2
361,3
362,3
363,3
364,2
365,3
366,2
367,3
368,3
369,3
370,3
371,3
372,3
373,3
374,3
375,3
376,3
377,2
378,3
379,3
380,3
381,2
382,3
383,3
384,3
385,2
386,2
387,3
388,2
389,3
390,2
391,3
392,3
393,2
394,3
395,3
396,3
397,3
398,3
399,3
400,3
401,3
402,3
403,3
404,3
405,3
406,3
407,3
408,3
409,3
410,3
411,2
412,3
413,3
414,3
415,3
416,3
417,3
418,3
419,3
420,3
421,3
422,2
423,3
424,3
425,3
426,3
427,3
428,3
429,3
430,3
431,2
432,2
433,3
434,3
435,2
436,3
437,3
438,2
439,3
440,2
441,3
442,3
443,3
444,2
445,3
446,3
447,3
448,3
449,3
450,3
451,3
452,2
453,3
454,3
455,3
456,3
457,3
458,3
459,3
460,2
461,2
462,2
463,3
464,3
465,3
466,3
467,2
468,3
469,3
470,3
471,2
472,2
473,3
474,2
475,2
476,3
477,3
478,3
479,3
480,3
481,3
482,3
483,2
484,2
485,2
486,2
487,3
488,2
489,3
490,3
491,3
492,3
493,3
494,2
495,3
496,3
497,3
498,3
499,3
500,3
501,3
502,3
503,3
504,3
505,2
506,3
507,3
508,3
509,3
510,3
511,3
512,3
513,3
514,3
515,3
516,3
517,3
518,3
519,3
520,3
521,3
522,3
523,2
524,2
525,3
526,3
527,3
528,3
529,2
530,2
531,2
532,3
533,3
534,3
535,3
536,3
537,2
538,3
539,3
540,3
541,2
542,3
543,3
544,2
545,3
546,2
547,3
548,3
549,3
550,3
551,3
552,3
553,3
554,3
555,3
556,3
557,3
558,3
559,3
560,3
561,3
562,3
563,3
564,3
565,3
566,2
567,3
568,3
569,3
570,3
571,3
572,3
573,3
574,3
575,2
576,3
577,3
578,3
579,3
580,3
581,3
582,2
583,3
584,3
585,3
586,3
587,3
588,3
589,3
590,3
591,2
592,3
593,3
594,3
595,3
596,3
597,3
598,3
599,2
600,2
601,3
602,3
603,3
604,3
605,2
606,3
607,3
608,2
609,3
610,2
611,3
612,3
613,2
614,3
615,2
616,3
617,3
618,3
619,3
620,3
621,3
622,2
623,3
624,3
625,3
626,3
627,2
628,3
629,3
630,2
631,3
632,3
633,3
634,3
635,3
636,3
637,3
638,3
639,3
640,3
641,3
642,3
643,3
644,3
645,3
646,3
647,3
648,3
649,3
650,3
651,3
652,3
653,3
654,3
655,3
656,3
657,3
658,3
659,3
660,3
661,3
662,3
663,3
664,3
665,2
666,2
667,3
668,2
669,3
670,3
671,3
672,3
673,3
674,3
675,3
676,2
677,3
678,2
679,3
680,2
681,2
682,3
683,3
684,3
685,3
686,3
687,3
688,3
689,3
690,3
691,3
692,3
693,3
694,3
695,3
696,3
697,3
698,3
699,3
700,3
701,3
702,2
703,3
704,3
705,3
706,3
707,3
708,3
709,2
710,3
711,3
712,3
713,3
714,3
715,3
716,3
717,3
718,3
719,3
720,3
721,2
722,3
723,3
724,3
725,3
726,3
727,3
728,3
729,3
730,3
731,3
732,2
733,3
734,3
735,3
736,3
737,3
738,3
739,3
740,3
741,3
742,3
743,2
744,3
745,3
746,2
747,3
748,3
749,3
750,3
751,3
752,3
753,3
754,2
755,3
756,3
757,3
758,3
759,3
760,3
761,2
762,2
763,3
764,3
765,3
766,2
767,2
768,2
769,3
770,3
771,3
772,3
773,3
774,3
775,3
776,3
777,3
778,3
779,3
780,3
781,3
782,2
783,3
784,3
785,2
786,2
787,3
788,3
789,2
790,3
791,3
792,3
793,3
794,3
795,3
796,2
797,3
798,2
799,3
800,2
801,3
802,3
803,3
804,3
805,3
806,3
807,3
808,3
809,3
810,3
811,3
812,3
813,2
814,2
815,3
816,3
817,3
818,3
819,3
820,3
821,3
822,3
823,3
824,3
825,3
826,3
827,3
828,3
829,2
830,3
831,3
832,3
833,3
834,2
835,3
836,3
837,3
838,3
839,3
840,3
841,3
842,3
843,3
844,3
845,3
846,3
847,2
848,3
849,2
850,3
851,3
852,2
853,2
854,3
855,2
856,3
857,3
858,3
859,3
860,3
861,3
862,3
863,3
864,3
865,3
866,3
867,3
868,3
869,2
870,3
871,3
872,3
873,3
874,3
875,3
876,3
877,3
878,3
879,3
880,3
881,3
882,2
883,3
884,3
885,3
886,3
887,3
888,2
889,3
890,3
891,3
892,3
893,3
894,3
895,3
896,3
897,3
898,3
899,2
900,3
901,3
902,3
903,3
904,2
905,3
906,3
907,3
908,2
909,3
910,3
911,3
912,2
913,3
914,3
915,2
916,2
917,3
918,2
919,3
920,3
921,3
922,3
923,3
924,3
925,2
926,2
927,3
928,3
929,3
930,3
931,3
932,3
933,3
934,3
935,3
936,3
937,3
938,3
939,3
940,3
941,2
942,3
943,3
944,3
945,3
946,3
947,3
948,3
949,2
950,3
951,3
952,3
953,3
954,3
955,3
956,3
957,3
958,3
959,3
960,3
961,3
962,3
963,3
964,3
965,3
966,3
967,2
968,3
969,3
970,3
971,3
972,2
973,2
974,3
975,3
976,3
977,2
978,3
979,3
980,3
981,3
982,3
983,3
984,3
985,3
986,3
987,3
988,3
989,3
990,3
991,3
992,3
993,3
994,3
995,3
996,3
997,3
998,3
999,3
1000,3
1001,3
1002,3
1003,3
1004,3
1005,3
1006,3
1007,3
1008,3
1009,3
1010,3
1011,3
1012,2
1013,3
1014,3
1015,3
1016,3
1017,3
1018,3
1019,2
1020,2
1021,3
1022,3
1023,3
1024,3
1025,3
1026,3
1027,3
1028,3
1029,3
1030,3
1031,3
1032,2
1033,3
1034,3
1035,3
1036,3
1037,3
1038,3
1039,3
1040,3
1041,2
1042,3
1043,3
1044,3
1045,3
1046,3
1047,3
1048,3
1049,3
1050,3
1051,3
1052,3
1053,3
1054,3
1055,3
1056,2
1057,3
1058,3
1059,3
1060,3
1061,3
1062,3
1063,3
1064,3
1065,3
1066,2
1067,3
1068,2
1069,3
1070,2
1071,3
1072,3
1073,3
1074,2
1075,3
1076,2
1077,3
1078,3
1079,3
1080,3
1081,3
1082,3
1083,3
1084,2
1085,3
1086,3
1087,3
1088,3
1089,3
1090,3
1091,3
1092,3
1093,2
1094,3
1095,2
1096,3
1097,2
1098,3
1099,2
1100,3
1101,3
1102,3
1103,2
1104,3
1105,3
1106,2
1107,3
1108,3
1109,3
1110,2
1111,2
1112,3
1113,3
1114,2
1115,3
1116,2
1117,3
1118,3
1119,3
1120,3
1121,3
1122,3
1123,3
1124,2
1125,3
1126,3
1127,3
1128,2
1129,2
1130,3
1131,2
1132,3
1133,3
1134,2
1135,3
1136,2
1137,3
1138,3
1139,3
1140,3
1141,3
1142,3
1143,3
1144,3
1145,3
1146,3
1147,3
1148,3
1149,3
1150,3
1151,3
1152,2
1153,2
1154,2
1155,3
1156,3
1157,3
1158,3
1159,2
1160,3
1161,3
1162,3
1163,3
1164,3
1165,3
1166,3
1167,3
1168,2
1169,3
1170,3
1171,3
1172,3
1173,3
1174,3
1175,2
1176,3
1177,3
1178,3
1179,3
1180,3
1181,2
1182,3
1183,3
1184,3
1185,3
1186,3
1187,3
1188,3
1189,3
1190,3
1191,3
1192,2
1193,2
1194,3
1195,3
1196,2
1197,2
1198,3
1199,3
1200,3
1201,3
1202,3
1203,2
1204,3
1205,3
1206,3
1207,3
1208,3
1209,3
1210,3
1211,2
1212,3
1213,3
1214,2
1215,3
1216,3
1217,2
1218,3
1219,3
1220,3
1221,2
1222,3
1223,3
1224,3
1225,3
1226,3
1227,2
1228,3
1229,3
1230,3
1231,3
1232,3
1233,2
1234,3
1235,3
1236,3
1237,3
1238,3
1239,3
1240,3
1241,3
1242,2
1243,3
1244,3
1245,3
1246,3
1247,3
1248,3
1249,3
1250,3
1251,3
1252,3
1253,2
1254,2
1255,3
1256,3
1257,3
1258,3
1259,3
1260,3
1261,3
1262,3
1263,3
1264,3
1265,3
1266,3
1267,3
1268,3
1269,3
1270,3
1271,3
1272,3
1273,3
1274,3
1275,2
1276,2
1277,2
1278,3
1279,3
1280,3
1281,3
1282,3
1283,3
1284,3
1285,3
1286,3
1287,3
1288,3
1289,3
1290,3
1291,3
1292,2
1293,2
1294,3
1295,3
1296,3
1297,3
1298,3
1299,3
1300,3
1301,3
1302,3
1303,3
1304,3
1305,3
1306,3
1307,3
1308,3
1309,3
1310,3
1311,3
1312,2
1313,2
1314,3
1315,3
1316,3
1317,3
1318,3
1319,3
1320,3
1321,3
1322,3
1323,3
1324,3
1325,3
1326,3
1327,3
1328,3
1329,2
1330,3
1331,3
1332,3
1333,3
1334,3
1335,3
1336,3
1337,3
1338,2
1339,2
1340,3
1341,3
1342,3
1343,3
1344,3
1345,3
1346,3
1347,3
1348,3
1349,2
1350,3
1351,3
1352,3
1353,3
1354,3
1355,3
1356,3
1357,3
1358,3
1359,3
1360,3
1361,3
1362,3
1363,3
1364,3
1365,3
1366,3
1367,2
1368,3
1369,2
1370,3
1371,2
1372,3
1373,3
1374,3
1375,3
1376,3
1377,3
1378,3
1379,3
1380,3
1381,3
1382,3
1383,3
1384,3
1385,3
1386,3
1387,3
1388,3
1389,3
1390,3
1391,3
1392,3
1393,2
1394,3
1395,2
1396,2
1397,3
1398,3
1399,3
1400,3
1401,3
1402,3
1403,3
1404,3
1405,3
1406,2
1407,3
1408,3
1409,3
1410,3
1411,3
1412,2
1413,3
1414,3
1415,2
1416,3
1417,3
1418,3
1419,3
1420,3
1421,3
1422,2
1423,2
1424,3
1425,3
1426,2
1427,2
1428,3
1429,2
1430,3
1431,3
1432,3
1433,3
1434,2
1435,3
1436,3
1437,3
1438,3
1439,3
1440,3
1441,3
1442,3
1443,3
1444,3
1445,3
1446,3
1447,3
1448,3
1449,3
1450,3
1451,3
1452,3
1453,3
1454,3
1455,2
1456,3
1457,3
1458,3
1459,2
1460,3
1461,2
1462,3
1463,3
1464,2
1465,3
1466,3
1467,2
1468,3
1469,3
1470,3
1471,3
1472,2
1473,3
1474,3
1475,3
1476,3
1477,3
1478,3
1479,3
1480,3
1481,3
1482,3
1483,2
1484,2
1485,2
1486,3
1487,3
1488,3
1489,3
1490,3
1491,3
1492,3
1493,3
1494,2
1495,3
1496,3
1497,2
1498,3
1499,2
1500,3
1501,3
1502,3
1503,3
1504,3
1505,3
1506,3
1507,3
1508,3
1509,3
1510,3
1511,3
1512,3
1513,3
1514,2
1515,3
1516,3
1517,3
1518,3
1519,3
1520,3
1521,3
1522,3
1523,3
1524,2
1525,3
1526,3
1527,3
1528,3
1529,3
1530,3
1531,2
1532,3
1533,3
1534,3
1535,3
1536,2
1537,3
1538,2
1539,3
1540,3
1541,3
1542,3
1543,3
1544,3
1545,3
1546,3
1547,3
1548,3
1549,3
1550,3
1551,3
1552,3
1553,3
1554,2
1555,3
1556,2
1557,3
1558,3
1559,3
1560,2
1561,3
1562,2
1563,3
1564,3
1565,3
1566,3
1567,2
1568,3
1569,3
1570,3
1571,3
1572,3
1573,3
1574,3
1575,3
1576,3
1577,2
1578,3
1579,3
1580,2
1581,3
1582,3
1583,3
1584,3
1585,3
1586,3
1587,3
1588,3
1589,3
1590,3
1591,3
1592,3
1593,2
1594,3
1595,2
1596,3
1597,3
1598,3
1599,3
1600,3
1601,3
1602,3
1603,3
1604,3
1605,3
1606,3
1607,3
1608,3
1609,3
1610,3
1611,3
1612,3
1613,3
1614,3
1615,3
1616,3
1617,3
1618,3
1619,3
1620,2
1621,3
1622,3
1623,3
1624,3
1625,3
1626,2
1627,2
1628,2
1629,3
1630,3
1631,3
1632,3
1633,3
1634,2
1635,3
1636,3
1637,3
1638,3
1639,3
1640,3
1641,3
1642,2
1643,3
1644,3
1645,2
1646,3
1647,3
1648,3
1649,3
1650,3
1651,3
1652,3
1653,3
1654,3
1655,3
1656,3
1657,3
1658,2
1659,2
1660,3
1661,3
1662,2
1663,2
1664,3
1665,3
1666,3
1667,3
1668,3
1669,3
1670,3
1671,3
1672,3
1673,3
1674,3
1675,3
1676,3
1677,3
1678,3
1679,3
1680,3
1681,2
1682,3
1683,3
1684,3
1685,2
1686,3
1687,2
1688,3
1689,3
1690,3
1691,3
1692,2
1693,3
1694,2
1695,3
1696,3
1697,3
1698,3
1699,3
1700,3
1701,3
1702,3
1703,3
1704,3
1705,2
1706,3
1707,3
1708,2
1709,3
1710,3
1711,3
1712,3
1713,3
1714,3
1715,2
1716,2
1717,2
1718,3
1719,3
1720,3
1721,3
1722,3
1723,3
1724,3
1725,2
1726,3
1727,3
1728,3
1729,3
1730,3
1731,3
1732,3
1733,3
1734,3
1735,3
1736,3
1737,3
1738,3
1739,3
1740,3
1741,3
1742,3
1743,3
1744,3
1745,3
1746,3
1747,3
1748,3
1749,2
1750,3
1751,2
1752,3
1753,3
1754,3
1755,3
1756,3
1757,3
1758,3
1759,3
1760,3
1761,3
1762,3
1763,3
1764,3
1765,3
1766,2
1767,3
1768,3
1769,3
1770,3
1771,3
1772,3
1773,3
1774,3
1775,2
1776,3
1777,3
1778,3
1779,3
1780,2
1781,3
1782,3
1783,2
1784,3
1785,3
1786,3
1787,3
1788,3
1789,3
1790,2
1791,3
1792,3
1793,3
1794,3
1795,2
1796,3
1797,3
1798,3
1799,3
1800,2
1801,2
1802,3
1803,3
1804,3
1805,2
1806,3
1807,3
1808,3
1809,3
1810,3
1811,2
1812,3
1813,2
1814,3
1815,3
1816,2
1817,3
1818,3
1819,3
1820,3
1821,2
1822,3
1823,3
1824,3
1825,3
1826,3
1827,3
1828,3
1829,3
1830,3
1831,3
1832,3
1833,3
1834,3
1835,3
1836,3
1837,3
1838,3
1839,3
1840,3
1841,3
1842,3
1843,3
1844,2
1845,3
1846,3
1847,3
1848,3
1849,2
1850,3
1851,3
1852,2
1853,2
1854,3
1855,3
1856,2
1857,3
1858,3
1859,3
1860,3
1861,2
1862,3
1863,3
1864,3
1865,3
1866,3
1867,3
1868,3
1869,3
1870,3
1871,3
1872,3
1873,3
1874,3
1875,3
1876,3
1877,3
1878,2
1879,2
1880,2
1881,3
1882,3
1883,2
1884,2
1885,3
1886,3
1887,3
1888,3
1889,3
1890,3
1891,3
1892,3
1893,3
1894,3
1895,2
1896,3
1897,3
1898,3
1899,3
1900,3
1901,3
1902,2
1903,3
1904,3
1905,3
1906,2
1907,3
1908,3
1909,3
1910,3
1911,3
1912,3
1913,2
1914,3
1915,3
1916,3
1917,3
1918,2
1919,3
1920,3
1921,2
1922,3
1923,3
1924,3
1925,3
1926,3
1927,2
1928,3
1929,3
1930,3
1931,3
1932,3
1933,3
1934,3
1935,3
1936,3
1937,2
1938,3
1939,3
1940,3
1941,3
1942,2
1943,2
1944,3
1945,3
1946,3
1947,3
1948,3
1949,3
1950,3
1951,3
1952,3
1953,3
1954,3
1955,2
1956,3
1957,2
1958,3
1959,3
1960,3
1961,3
1962,3
1963,3
1964,3
1965,3
1966,3
1967,3
1968,3
1969,2
1970,3
1971,3
1972,3
1973,3
1974,3
1975,3
1976,3
1977,3
1978,2
1979,3
1980,3
1981,3
1982,3
1983,3
1984,3
1985,3
1986,3
1987,3
1988,2
1989,3
1990,3
1991,3
1992,3
1993,3
1994,3
1995,3
1996,3
1997,3
1998,3
1999,3
2000,3
2001,3
2002,2
2003,3
2004,3
2005,3
2006,2
2007,3
2008,2
2009,2
2010,2
2011,3
2012,3
2013,3
2014,3
2015,3
2016,3
2017,3
2018,3
2019,3
2020,3
2021,3
2022,3
2023,3
2024,2
2025,3
2026,3
2027,3
2028,3
2029,2
2030,3
2031,3
2032,3
2033,3
2034,2
2035,3
2036,3
2037,3
2038,3
2039,3
2040,2
2041,3
2042,3
2043,3
2044,2
2045,2
2046,2
2047,2
2048,3
2049,3
2050,3
2051,3
2052,2
2053,3
2054,3
2055,3
2056,3
2057,3
2058,3
2059,3
2060,3
2061,3
2062,2
2063,3
2064,3
2065,3
2066,3
2067,3
2068,3
2069,3
2070,3
2071,3
2072,3
2073,3
2074,3
2075,2
2076,2
2077,3
2078,3
2079,2
2080,3
2081,3
2082,3
2083,3
2084,3
2085,3
2086,3
2087,3
2088,3
2089,3
2090,3
2091,3
2092,3
2093,3
2094,3
2095,3
2096,3
2097,2
2098,3
2099,3
2100,3
2101,3
2102,3
2103,3
2104,3
2105,3
2106,3
2107,3
2108,3
2109,2
2110,3
2111,3
2112,3
2113,3
2114,3
2115,3
2116,3
2117,3
2118,2
2119,3
2120,3
2121,3
2122,3
2123,3
2124,2
2125,3
2126,3
2127,3
2128,3
2129,3
2130,2
2131,3
2132,3
2133,2
2134,3
2135,3
2136,3
2137,3
2138,3
2139,3
2140,3
2141,3
2142,3
2143,3
2144,2
2145,3
2146,2
2147,3
2148,3
2149,2
2150,3
2151,3
2152,3
2153,3
2154,3
2155,3
2156,3
2157,2
2158,2
2159,3
2160,3
2161,3
2162,2
2163,3
2164,3
2165,3
2166,3
2167,3
2168,3
2169,3
2170,3
2171,3
2172,3
2173,3
2174,3
2175,2
2176,3
2177,3
2178,2
2179,2
2180,3
2181,3
2182,3
2183,3
2184,3
2185,3
2186,3
2187,3
2188,3
2189,3
2190,3
2191,3
2192,3
2193,3
2194,3
2195,3
2196,3
2197,3
2198,3
2199,3
2200,3
2201,3
2202,2
2203,2
2204,3
2205,3
2206,3
2207,3
2208,2
2209,3
2210,3
2211,3
2212,3
2213,3
2214,3
2215,3
2216,3
2217,3
2218,3
2219,3
2220,3
2221,3
2222,2
2223,2
2224,3
2225,3
2226,2
2227,3
2228,2
2229,3
2230,3
2231,3
2232,2
2233,3
2234,3
2235,3
2236,3
2237,3
2238,2
2239,2
2240,3
2241,3
2242,3
2243,3
2244,3
2245,3
2246,3
2247,3
2248,2
2249,3
2250,2
2251,3
2252,3
2253,2
2254,3
2255,2
2256,3
2257,3
2258,3
2259,3
2260,3
2261,3
2262,3
2263,3
2264,3
2265,3
2266,3
2267,3
2268,3
2269,3
2270,2
2271,2
2272,3
2273,3
2274,3
2275,3
2276,3
2277,3
2278,3
2279,3
2280,3
2281,3
2282,3
2283,3
2284,3
2285,3
2286,3
2287,3
2288,3
2289,3
2290,2
2291,2
2292,3
2293,3
2294,2
2295,3
2296,3
2297,3
2298,3
2299,3
2300,3
2301,3
2302,3
2303,3
2304,3
2305,3
2306,3
2307,3
2308,3
2309,3
2310,3
2311,3
2312,3
2313,3
2314,3
2315,3
2316,3
2317,3
2318,3
2319,3
2320,2
2321,3
2322,3
2323,3
2324,3
2325,3
2326,2
2327,3
2328,3
2329,3
2330,2
2331,3
2332,3
2333,3
2334,3
2335,2
2336,3
2337,3
2338,3
2339,3
2340,3
2341,3
2342,3
2343,3
2344,3
2345,3
2346,3
2347,3
2348,3
2349,3
2350,3
2351,3
2352,3
2353,2
2354,3
2355,3
2356,3
2357,3
2358,3
2359,3
2360,2
2361,3
2362,3
2363,3
2364,3
2365,3
2366,3
2367,2
2368,3
2369,3
2370,3
2371,3
2372,3
2373,3
2374,2
2375,3
2376,3
2377,3
2378,3
2379,3
2380,3
2381,3
2382,3
2383,3
2384,2
2385,3
2386,3
2387,3
2388,3
2389,3
2390,3
2391,3
2392,3
2393,3
2394,3
2395,3
2396,3
2397,3
2398,3
2399,3
2400,3
2401,3
2402,2
2403,2
2404,3
2405,3
2406,3
2407,3
2408,3
2409,3
2410,3
2411,3
2412,3
2413,2
2414,3
2415,3
2416,3
2417,2
2418,3
2419,3
2420,3
2421,2
2422,3
2423,3
2424,3
2425,3
2426,3
2427,3
2428,3
2429,3
2430,3
2431,3
2432,3
2433,3
2434,3
2435,2
2436,3
2437,3
2438,3
2439,3
2440,3
2441,3
2442,3
2443,3
2444,3
2445,3
2446,3
2447,2
2448,3
2449,3
2450,3
2451,3
2452,3
2453,3
2454,3
2455,3
2456,3
2457,3
2458,3
2459,3
2460,3
2461,3
2462,3
2463,2
2464,3
2465,3
2466,2
2467,2
2468,3
2469,3
2470,3
2471,3
2472,3
2473,3
2474,3
2475,3
2476,3
2477,3
2478,2
2479,3
2480,3
2481,3
2482,2
2483,3
2484,3
2485,3
2486,3
2487,3
2488,3
2489,3
2490,3
2491,3
2492,3
2493,3
2494,3
2495,3
2496,3
2497,2
2498,3
2499,3
2500,2
2501,3
2502,3
2503,2
2504,3
2505,3
2506,2
2507,3
2508,3
2509,3
2510,3
2511,3
2512,3
2513,3
2514,3
2515,3
2516,2
2517,3
2518,3
2519,3
2520,3
2521,3
2522,3
2523,3
2524,3
2525,3
2526,2
2527,3
2528,3
2529,3
2530,3
2531,3
2532,3
2533,3
2534,3
2535,3
2536,3
2537,3
2538,3
2539,3
2540,3
2541,3
2542,2
2543,2
2544,3
2545,2
2546,2
2547,3
2548,2
2549,2
2550,3
2551,3
2552,3
2553,3
2554,3
2555,3
2556,3
2557,3
2558,3
2559,3
2560,3
2561,3
2562,2
2563,3
2564,3
2565,2
2566,3
2567,3
2568,3
2569,3
2570,3
2571,3
2572,3
2573,3
2574,3
2575,3
2576,2
2577,3
2578,3
2579,3
2580,2
2581,3
2582,2
2583,3
2584,3
2585,2
2586,3
2587,3
2588,3
2589,2
2590,3
2591,3
2592,3
2593,3
2594,3
2595,3
2596,3
2597,3
2598,3
2599,3
2600,3
2601,3
2602,3
2603,3
2604,3
2605,3
2606,3
2607,3
2608,3
2609,3
2610,3
2611,3
2612,3
2613,2
2614,3
2615,3
2616,3
2617,3
2618,3
2619,2
2620,3
2621,3
2622,3
2623,2
2624,3
2625,3
2626,2
2627,3
2628,3
2629,3
2630,3
2631,3
2632,2
2633,3
2634,3
2635,3
2636,3
2637,2
2638,3
2639,3
2640,3
2641,3
2642,3
2643,3
2644,3
2645,3
2646,3
2647,3
2648,2
2649,3
2650,3
2651,3
2652,3
2653,3
2654,3
2655,3
2656,3
2657,3
2658,2
2659,2
2660,3
2661,3
2662,3
2663,3
2664,3
2665,3
2666,3
2667,3
2668,3
2669,3
2670,3
2671,3
2672,3
2673,3
2674,2
2675,3
2676,3
2677,3
2678,3
2679,2
2680,3
2681,3
2682,3
2683,3
2684,3
2685,3
2686,2
2687,3
2688,3
2689,2
2690,3
2691,3
2692,3
2693,3
2694,3
2695,2
2696,2
2697,2
2698,3
2699,3
2700,3
2701,3
2702,3
2703,3
2704,3
2705,3
2706,2
2707,3
2708,3
2709,3
2710,3
2711,3
2712,3
2713,3
2714,3
2715,2
2716,3
2717,3
2718,3
2719,3
2720,3
2721,3
2722,2
2723,3
2724,3
2725,3
2726,3
2727,3
2728,3
2729,3
2730,3
2731,3
2732,3
2733,3
2734,3
2735,3
2736,2
2737,3
2738,3
2739,3
2740,3
2741,3
2742,3
2743,3
2744,3
2745,3
2746,3
2747,3
2748,2
2749,3
2750,2
2751,3
2752,3
2753,3
2754,3
2755,3
2756,3
2757,3
2758,3
2759,3
2760,3
2761,3
2762,3
2763,3
2764,2
2765,3
2766,2
2767,3
2768,3
2769,3
2770,3
2771,3
2772,3
2773,3
2774,3
2775,3
2776,2
2777,3
2778,3
2779,2
2780,3
2781,3
2782,3
2783,2
2784,3
2785,3
2786,3
2787,3
2788,3
2789,3
2790,3
2791,3
2792,3
2793,3
2794,3
2795,2
2796,2
2797,3
2798,2
2799,3
2800,3
2801,3
2802,3
2803,3
2804,3
2805,3
2806,3
2807,3
2808,3
2809,3
2810,3
2811,3
2812,3
2813,3
2814,3
2815,3
2816,2
2817,2
2818,3
2819,3
2820,3
2821,3
2822,2
2823,3
2824,3
2825,2
2826,3
2827,3
2828,3
2829,3
2830,2
2831,3
2832,2
2833,2
2834,3
2835,3
2836,3
2837,2
2838,2
2839,3
2840,3
2841,3
2842,3
2843,2
2844,3
2845,2
2846,3
2847,2
2848,3
2849,3
2850,2
2851,3
2852,3
2853,3
2854,3
2855,3
2856,3
2857,2
2858,3
2859,3
2860,3
2861,3
2862,3
2863,3
2864,3
2865,3
2866,3
2867,3
2868,3
2869,3
2870,3
2871,3
2872,3
2873,3
2874,3
2875,3
2876,2
2877,3
2878,2
2879,3
2880,3
2881,3
2882,3
2883,3
2884,3
2885,3
2886,3
2887,2
2888,3
2889,3
2890,2
2891,3
2892,3
2893,3
2894,3
2895,3
2896,3
2897,3
2898,2
2899,2
2900,3
2901,3
2902,3
2903,3
2904,3
2905,3
2906,3
2907,3
2908,3
2909,3
2910,3
2911,2
2912,3
2913,2
2914,3
2915,3
2916,3
2917,3
2918,3
2919,3
2920,3
2921,3
2922,3
2923,3
2924,3
2925,3
2926,3
2927,2
2928,3
2929,3
2930,3
2931,3
2932,3
2933,3
2934,3
2935,3
2936,3
2937,2
2938,3
2939,3
2940,3
2941,3
2942,2
2943,3
2944,3
2945,3
2946,3
2947,2
2948,3
2949,2
2950,2
2951,2
2952,3
2953,3
2954,3
2955,3
2956,3
2957,3
2958,3
2959,2
2960,3
2961,2
2962,3
2963,3
2964,3
2965,3
2966,3
2967,3
2968,2
2969,3
2970,3
2971,2
2972,2
2973,3
2974,3
2975,3
2976,3
2977,3
2978,3
2979,3
2980,3
2981,3
2982,3
2983,3
2984,2
2985,3
2986,3
2987,3
2988,3
2989,2
2990,3
2991,2
2992,3
2993,2
2994,3
2995,3
2996,3
2997,3
2998,3
2999,2
3000,3
3001,3
3002,3
3003,3
3004,3
3005,3
3006,3
3007,3
3008,3
3009,3
3010,3
3011,3
3012,2
3013,3
3014,3
3015,3
3016,3
3017,2
3018,3
3019,3
3020,3
3021,2
3022,3
3023,3
3024,3
3025,3
3026,3
3027,3
3028,3
3029,3
3030,2
3031,3
3032,2
3033,3
3034,3
3035,3
3036,3
3037,3
3038,2
3039,3
3040,3
3041,3
3042,3
3043,3
3044,3
3045,3
3046,3
3047,3
3048,3
3049,3
3050,3
3051,3
3052,3
3053,3
3054,2
3055,2
3056,2
3057,3
3058,3
3059,3
3060,3
3061,3
3062,3
3063,3
3064,2
3065,3
3066,2
3067,3
3068,3
3069,3
3070,3
3071,3
3072,3
3073,3
3074,3
3075,3
3076,2
3077,3
3078,3
3079,3
3080,3
3081,3
3082,3
3083,2
3084,3
3085,3
3086,3
3087,2
3088,3
3089,2
3090,2
3091,3
3092,3
3093,3
3094,3
3095,2
3096,3
3097,3
3098,2
3099,3
3100,3
3101,3
3102,3
3103,3
3104,3
3105,3
3106,2
3107,3
3108,3
3109,3
3110,3
3111,3
3112,3
3113,2
3114,3
3115,3
3116,2
3117,2
3118,2
3119,2
3120,2
3121,3
3122,3
3123,3
3124,3
3125,3
3126,3
3127,3
3128,3
3129,3
3130,3
3131,3
3132,3
3133,2
3134,2
3135,2
3136,3
3137,3
3138,3
3139,3
3140,3
3141,3
3142,3
3143,3
3144,3
3145,3
3146,3
3147,2
3148,3
3149,2
3150,3
3151,3
3152,3
3153,3
3154,3
3155,3
3156,3
3157,3
3158,3
3159,3
3160,3
3161,3
3162,3
3163,3
3164,3
3165,3
3166,3
3167,3
3168,3
3169,3
3170,3
3171,3
3172,3
3173,2
3174,3
3175,3
3176,3
3177,3
3178,3
3179,3
3180,3
3181,3
3182,3
3183,2
3184,3
3185,3
3186,3
3187,3
3188,3
3189,3
3190,3
3191,3
3192,3
3193,3
3194,3
3195,3
3196,3
3197,2
3198,2
3199,2
3200,3
3201,3
3202,3
3203,3
3204,3
3205,2
3206,3
3207,3
3208,3
3209,3
3210,3
3211,3
3212,3
3213,2
3214,3
3215,3
3216,3
3217,3
3218,3
3219,3
3220,3
3221,3
3222,3
3223,2
3224,3
3225,3
3226,3
3227,3
3228,2
3229,3
3230,2
3231,3
3232,3
3233,3
3234,3
3235,3
3236,3
3237,3
3238,3
3239,2
3240,3
3241,3
3242,3
3243,2
3244,3
3245,3
3246,3
3247,2
3248,3
3249,2
3250,3
3251,3
3252,3
3253,3
3254,3
3255,3
3256,3
3257,3
3258,3
3259,3
3260,3
3261,3
3262,3
3263,2
3264,3
3265,3
3266,3
3267,3
3268,3
3269,3
3270,3
3271,3
3272,3
3273,3
3274,3
3275,3
3276,3
3277,3
3278,3
3279,3
3280,2
3281,3
3282,3
3283,3
3284,3
3285,3
3286,3
3287,3
3288,3
3289,3
3290,3
3291,3
3292,3
3293,3
3294,3
3295,2
3296,3
3297,2
3298,3
3299,2
3300,3
3301,3
3302,3
3303,3
3304,3
3305,3
3306,3
3307,3
3308,3
3309,3
3310,3
3311,3
3312,2
3313,2
3314,3
3315,2
3316,3
3317,3
3318,3
3319,3
3320,2
3321,3
3322,3
3323,3
3324,3
3325,3
3326,2
3327,3
3328,3
3329,3
3330,3
3331,3
3332,3
3333,3
3334,3
3335,3
3336,3
3337,3
3338,3
3339,3
3340,3
3341,3
3342,3
3343,3
3344,2
3345,3
3346,3
3347,3
3348,3
3349,3
3350,3
3351,3
3352,3
3353,2
3354,2
3355,3
3356,3
3357,3
3358,3
3359,3
3360,3
3361,3
3362,3
3363,3
3364,3
3365,3
3366,3
3367,3
3368,3
3369,3
3370,3
3371,3
3372,2
3373,3
3374,2
3375,3
3376,2
3377,3
3378,3
3379,3
3380,2
3381,3
3382,2
3383,3
3384,3
3385,2
3386,3
3387,2
3388,3
3389,3
3390,2
3391,3
3392,3
3393,3
3394,2
3395,3
3396,3
3397,3
3398,3
3399,3
3400,3
3401,3
3402,3
3403,3
3404,3
3405,3
3406,3
3407,2
3408,3
3409,3
3410,2
3411,3
3412,3
3413,3
3414,3
3415,3
3416,3
3417,2
3418,3
3419,2
3420,3
3421,3
3422,3
3423,3
3424,3
3425,3
3426,3
3427,3
3428,2
3429,2
3430,3
3431,2
3432,3
3433,3
3434,3
3435,3
3436,2
3437,2
3438,3
3439,3
3440,3
3441,3
3442,3
3443,3
3444,3
3445,3
3446,3
3447,3
3448,3
3449,3
3450,3
3451,3
3452,3
3453,3
3454,3
3455,3
3456,3
3457,3
3458,3
3459,3
3460,2
3461,3
3462,3
3463,3
3464,3
3465,3
3466,3
3467,3
3468,3
3469,2
3470,2
3471,3
3472,3
3473,3
3474,2
3475,3
3476,3
3477,3
3478,3
3479,3
3480,3
3481,3
3482,3
3483,3
3484,2
3485,3
3486,3
3487,3
3488,3
3489,3
3490,3
3491,3
3492,3
3493,2
3494,3
3495,3
3496,3
3497,3
3498,3
3499,3
3500,3
3501,3
3502,3
3503,3
3504,3
3505,3
3506,3
3507,3
3508,3
3509,2
3510,3
3511,3
3512,3
3513,3
3514,3
3515,3
3516,3
3517,3
3518,3
3519,3
3520,3
3521,3
3522,3
3523,3
3524,3
3525,3
3526,3
3527,3
3528,3
3529,3
3530,3
3531,3
3532,2
3533,2
3534,3
3535,3
3536,3
3537,3
3538,3
3539,3
3540,3
3541,3
3542,3
3543,3
3544,3
3545,3
3546,3
3547,3
3548,2
3549,3
3550,2
3551,3
3552,3
3553,3
3554,2
3555,2
3556,3
3557,2
3558,3
3559,3
3560,3
3561,3
3562,3
3563,3
3564,3
3565,3
3566,3
3567,3
3568,3
3569,3
3570,3
3571,3
3572,3
3573,2
3574,2
3575,2
3576,3
3577,3
3578,3
3579,3
3580,3
3581,3
3582,3
3583,3
3584,3
3585,3
3586,3
3587,3
3588,3
3589,3
3590,3
3591,3
3592,3
3593,3
3594,3
3595,3
3596,3
3597,3
3598,3
3599,3
3600,3
3601,2
3602,3
3603,3
3604,3
3605,3
3606,3
3607,2
3608,3
3609,3
3610,3
3611,3
3612,3
3613,3
3614,2
3615,3
3616,3
3617,3
3618,3
3619,3
3620,2
3621,2
3622,2
3623,3
3624,3
3625,3
3626,3
3627,3
3628,3
3629,3
3630,3
3631,3
3632,3
3633,3
3634,2
3635,3
3636,3
3637,2
3638,3
3639,3
3640,2
3641,2
3642,3
3643,3
3644,2
3645,3
3646,3
3647,3
3648,3
3649,2
3650,3
3651,3
3652,3
3653,3
3654,3
3655,3
3656,3
3657,2
3658,3
3659,2
3660,3
3661,3
3662,2
3663,3
3664,3
3665,3
3666,3
3667,2
3668,3
3669,3
3670,3
3671,3
3672,3
3673,3
3674,3
3675,3
3676,3
3677,3
3678,3
3679,3
3680,3
3681,3
3682,3
3683,3
3684,3
3685,3
3686,2
3687,2
3688,3
3689,3
3690,3
3691,3
3692,3
3693,2
3694,2
3695,3
3696,3
3697,3
3698,3
3699,3
3700,3
3701,3
3702,3
3703,3
3704,3
3705,3
3706,3
3707,3
3708,2
3709,3
3710,3
3711,3
3712,3
3713,3
3714,3
3715,3
3716,3
3717,3
3718,3
3719,3
3720,2
3721,3
3722,3
3723,3
3724,3
3725,3
3726,3
3727,3
3728,3
3729,3
3730,3
3731,3
3732,3
3733,3
3734,3
3735,3
3736,2
3737,2
3738,2
3739,3
3740,3
3741,3
3742,3
3743,2
3744,3
3745,3
3746,3
3747,2
3748,2
3749,3
3750,3
3751,3
3752,3
3753,3
3754,3
3755,3
3756,2
3757,3
3758,3
3759,3
3760,3
3761,3
3762,3
3763,3
3764,3
3765,3
3766,2
3767,3
3768,3
3769,3
3770,3
3771,3
3772,3
3773,3
3774,3
3775,2
3776,3
3777,3
3778,3
3779,2
3780,2
3781,3
3782,3
3783,3
3784,3
3785,2
3786,3
3787,3
3788,3
3789,2
3790,3
3791,2
3792,3
3793,3
3794,2
3795,2
3796,3
3797,3
3798,3
3799,2
3800,3
3801,3
3802,3
3803,3
3804,3
3805,2
3806,2
3807,3
3808,3
3809,3
3810,3
3811,2
3812,3
3813,3
3814,3
3815,3
3816,3
3817,3
3818,3
3819,3
3820,3
3821,3
3822,3
3823,2
3824,3
3825,3
3826,3
3827,3
3828,3
3829,3
3830,3
3831,3
3832,2
3833,3
3834,3
3835,2
3836,3
3837,3
3838,3
3839,3
3840,3
3841,3
3842,2
3843,2
3844,3
3845,3
3846,3
3847,2
3848,3
3849,3
3850,2
3851,3
3852,3
3853,3
3854,3
3855,3
3856,3
3857,2
3858,3
3859,3
3860,3
3861,3
3862,3
3863,3
3864,3
3865,2
3866,3
3867,2
3868,2
3869,3
3870,3
3871,3
3872,3
3873,3
3874,3
3875,3
3876,3
3877,2
3878,3
3879,3
3880,3
3881,2
3882,3
3883,3
3884,3
3885,3
3886,3
3887,3
3888,3
3889,3
3890,3
3891,2
3892,3
3893,3
3894,3
3895,3
3896,3
3897,2
3898,3
3899,3
3900,3
3901,3
3902,3
3903,3
3904,3
3905,3
3906,3
3907,3
3908,2
3909,3
3910,3
3911,3
3912,3
3913,3
3914,3
3915,3
3916,3
3917,2
3918,3
3919,3
3920,3
3921,3
3922,3
3923,3
3924,3
3925,3
3926,3
3927,3
3928,3
3929,3
3930,2
3931,2
3932,3
3933,3
3934,3
3935,3
3936,3
3937,3
3938,3
3939,3
3940,3
3941,3
3942,3
3943,3
3944,2
3945,3
3946,2
3947,3
3948,3
3949,3
3950,3
3951,3
3952,3
3953,3
3954,2
3955,2
3956,3
3957,3
3958,3
3959,3
3960,3
3961,3
3962,3
3963,3
3964,2
3965,3
3966,2
3967,3
3968,2
3969,3
3970,3
3971,2
3972,3
3973,2
3974,3
3975,3
3976,2
3977,2
3978,3
3979,3
3980,3
3981,3
3982,3
3983,3
3984,3
3985,2
3986,3
3987,3
3988,3
3989,2
3990,2
3991,3
3992,3
3993,3
3994,3
3995,3
3996,3
3997,2
3998,3
3999,3
4000,2
4001,3
4002,3
4003,3
4004,3
4005,3
4006,3
4007,3
4008,2
4009,3
4010,3
4011,2
4012,2
4013,3
4014,2
4015,3
4016,3
4017,2
4018,3
4019,3
4020,3
4021,3
4022,3
4023,3
4024,3
4025,3
4026,3
4027,3
4028,3
4029,2
4030,2
4031,3
4032,3
4033,3
4034,3
4035,3
4036,3
4037,3
4038,3
4039,3
4040,3
4041,2
4042,3
4043,3
4044,3
4045,2
4046,3
4047,3
4048,3
4049,3
4050,3
4051,3
4052,3
4053,3
4054,3
4055,3
4056,2
4057,3
4058,3
4059,3
4060,2
4061,3
4062,3
4063,3
4064,3
4065,3
4066,3
4067,3
4068,2
4069,3
4070,3
4071,3
4072,3
4073,3
4074,3
4075,3
4076,3
4077,3
4078,3
4079,2
4080,3
4081,2
4082,3
4083,3
4084,2
4085,3
4086,3
4087,3
4088,3
4089,3
4090,2
4091,3
4092,3
4093,3
4094,3
4095,3
4096,3
4097,3
4098,3
4099,2
4100,3
4101,3
4102,2
4103,3
4104,3
4105,3
4106,2
4107,3
4108,3
4109,3
4110,3
4111,3
4112,3
4113,3
4114,3
4115,3
4116,3
4117,3
4118,2
4119,3
4120,3
4121,3
4122,3
4123,3
4124,3
4125,3
4126,2
4127,3
4128,3
4129,2
4130,3
4131,2
4132,2
4133,3
4134,3
4135,2
4136,2
4137,3
4138,3
4139,2
4140,2
4141,3
4142,3
4143,3
4144,3
4145,2
4146,3
4147,3
4148,3
4149,2
4150,3
4151,3
4152,3
4153,3
4154,3
4155,3
4156,3
4157,3
4158,3
4159,3
4160,3
4161,3
4162,2
4163,3
4164,3
4165,2
4166,3
4167,3
4168,3
4169,2
4170,3
4171,3
4172,3
4173,3
4174,2
4175,3
4176,3
4177,3
4178,3
4179,2
4180,3
4181,3
4182,3
4183,2
4184,2
4185,3
4186,2
4187,3
4188,3
4189,3
4190,3
4191,3
4192,3
4193,3
4194,3
4195,3
4196,3
4197,3
4198,3
4199,3
4200,3
4201,3
4202,3
4203,3
4204,2
4205,3
4206,3
4207,3
4208,3
4209,3
4210,3
4211,3
4212,3
4213,3
4214,3
4215,2
4216,3
4217,2
4218,3
4219,2
4220,3
4221,3
4222,3
4223,3
4224,3
4225,3
4226,3
4227,3
4228,3
4229,3
4230,3
4231,2
4232,3
4233,3
4234,3
4235,3
4236,3
4237,3
4238,3
4239,3
4240,3
4241,3
4242,2
4243,3
4244,3
4245,3
4246,2
4247,3
4248,3
4249,3
4250,3
4251,3
4252,3
4253,3
4254,3
4255,3
4256,2
4257,3
4258,3
4259,2
4260,3
4261,3
4262,3
4263,3
4264,3
4265,2
4266,3
4267,3
4268,3
4269,3
4270,3
4271,2
4272,3
4273,3
4274,2
4275,3
4276,3
4277,3
4278,3
4279,2
4280,3
4281,2
4282,2
4283,3
4284,3
4285,3
4286,3
4287,3
4288,3
4289,3
4290,3
4291,3
4292,3
4293,3
4294,3
4295,2
4296,3
4297,2
4298,3
4299,3
4300,3
4301,3
4302,3
4303,3
4304,3
4305,2
4306,3
4307,3
4308,3
4309,3
4310,3
4311,2
4312,3
4313,3
4314,3
4315,3
4316,3
4317,2
4318,3
4319,3
4320,3
4321,3
4322,3
4323,3
4324,3
4325,3
4326,3
4327,3
4328,3
4329,3
4330,3
4331,3
4332,2
4333,3
4334,2
4335,3
4336,3
4337,3
4338,3
4339,3
4340,2
4341,3
4342,3
4343,3
4344,2
4345,3
4346,3
4347,3
4348,3
4349,3
4350,3
4351,3
4352,3
4353,3
4354,3
4355,3
4356,3
4357,3
4358,3
4359,3
4360,3
4361,3
4362,3
4363,2
4364,3
4365,2
4366,2
4367,3
4368,3
4369,3
4370,3
4371,3
4372,3
4373,3
4374,3
4375,3
4376,3
4377,2
4378,3
4379,3
4380,3
4381,3
4382,3
4383,2
4384,3
4385,2
4386,3
4387,3
4388,2
4389,3
4390,3
4391,2
4392,2
4393,2
4394,2
4395,3
4396,3
4397,3
4398,3
4399,3
4400,3
4401,3
4402,3
4403,3
4404,3
4405,3
4406,2
4407,3
4408,3
4409,3
4410,3
4411,3
4412,3
4413,3
4414,3
4415,2
4416,3
4417,3
4418,2
4419,3
4420,2
4421,3
4422,2
4423,3
4424,3
4425,2
4426,3
4427,3
4428,3
4429,3
4430,3
4431,3
4432,2
4433,3
4434,3
4435,3
4436,3
4437,3
4438,3
4439,3
4440,3
4441,3
4442,3
4443,3
4444,3
4445,3
4446,3
4447,3
4448,3
4449,3
4450,3
4451,2
4452,3
4453,3
4454,2
4455,3
4456,3
4457,2
4458,3
4459,3
4460,3
4461,3
4462,2
4463,3
4464,3
4465,3
4466,3
4467,3
4468,3
4469,3
4470,3
4471,3
4472,2
4473,3
4474,3
4475,3
4476,3
4477,3
4478,3
4479,3
4480,3
4481,2
4482,3
4483,3
4484,3
4485,3
4486,3
4487,3
4488,3
4489,3
4490,3
4491,3
4492,2
4493,3
4494,3
4495,3
4496,2
4497,3
4498,3
4499,3
4500,3
4501,3
4502,3
4503,3
4504,2
4505,2
4506,3
4507,3
4508,3
4509,3
4510,3
4511,2
4512,3
4513,3
4514,3
4515,3
4516,3
4517,3
4518,3
4519,3
4520,3
4521,3
4522,3
4523,3
4524,3
4525,3
4526,3
4527,3
4528,2
4529,3
4530,3
4531,2
4532,3
4533,3
4534,3
4535,2
4536,3
4537,3
4538,3
4539,3
4540,3
4541,3
4542,3
4543,3
4544,3
4545,2
4546,2
4547,3
4548,3
4549,3
4550,2
4551,3
4552,3
4553,3
4554,3
4555,3
4556,3
4557,3
4558,3
4559,3
4560,3
4561,3
4562,3
4563,3
4564,3
4565,3
4566,3
4567,3
4568,3
4569,3
4570,3
4571,3
4572,3
4573,2
4574,3
4575,2
4576,3
4577,3
4578,3
4579,3
4580,3
4581,2
4582,2
4583,3
4584,3
4585,2
4586,3
4587,3
4588,3
4589,3
4590,3
4591,3
4592,3
4593,3
4594,2
4595,3
4596,3
4597,2
4598,3
4599,3
4600,3
4601,3
4602,3
4603,2
4604,3
4605,3
4606,3
4607,3
4608,3
4609,3
4610,2
4611,3
4612,3
4613,3
4614,3
4615,3
4616,2
4617,3
4618,3
4619,3
4620,2
4621,3
4622,3
4623,3
4624,3
4625,3
4626,3
4627,2
4628,3
4629,3
4630,3
4631,3
4632,3
4633,2
4634,3
4635,3
4636,2
4637,3
4638,3
4639,3
4640,3
4641,2
4642,3
4643,3
4644,2
4645,3
4646,3
4647,3
4648,3
4649,2
4650,3
4651,3
4652,3
4653,2
4654,3
4655,3
4656,2
4657,2
4658,3
4659,3
4660,3
4661,3
4662,3
4663,3
4664,3
4665,3
4666,3
4667,3
4668,3
4669,3
4670,3
4671,2
4672,3
4673,3
4674,3
4675,3
4676,3
4677,2
4678,3
4679,2
4680,3
4681,3
4682,3
4683,3
4684,3
4685,2
4686,3
4687,3
4688,3
4689,2
4690,3
4691,3
4692,3
4693,3
4694,3
4695,2
4696,3
4697,3
4698,3
4699,3
4700,2
4701,3
4702,3
4703,2
4704,3
4705,3
4706,3
4707,3
4708,3
4709,3
4710,3
4711,3
4712,3
4713,2
4714,2
4715,3
4716,3
4717,3
4718,3
4719,3
4720,3
4721,3
4722,3
4723,3
4724,3
4725,3
4726,3
4727,3
4728,3
4729,3
4730,2
4731,3
4732,3
4733,2
4734,3
4735,3
4736,2
4737,3
4738,3
4739,3
4740,3
4741,3
4742,3
4743,2
4744,3
4745,3
4746,3
4747,3
4748,2
4749,3
4750,3
4751,3
4752,3
4753,2
4754,3
4755,3
4756,2
4757,3
4758,3
4759,3
4760,3
4761,3
4762,3
4763,3
4764,3
4765,3
4766,2
4767,3
4768,3
4769,3
4770,3
4771,3
4772,3
4773,3
4774,3
4775,3
4776,3
4777,3
4778,2
4779,2
4780,3
4781,2
4782,3
4783,2
4784,3
4785,2
4786,3
4787,3
4788,3
4789,2
4790,3
4791,3
4792,3
4793,3
4794,2
4795,3
4796,3
4797,3
4798,3
4799,3
4800,3
4801,3
4802,3
4803,3
4804,3
4805,3
4806,2
4807,2
4808,3
4809,3
4810,3
4811,2
4812,3
4813,3
4814,3
4815,3
4816,3
4817,3
4818,2
4819,3
4820,3
4821,3
4822,3
4823,3
4824,3
4825,3
4826,2
4827,3
4828,3
4829,3
4830,3
4831,3
4832,3
4833,2
4834,3
4835,3
4836,3
4837,3
4838,3
4839,3
4840,3
4841,3
4842,3
4843,3
4844,3
4845,3
4846,3
4847,3
4848,2
4849,3
4850,3
4851,3
4852,3
4853,3
4854,3
4855,3
4856,3
4857,2
4858,3
4859,3
4860,2
4861,2
4862,3
4863,3
4864,2
4865,3
4866,3
4867,3
4868,2
4869,3
4870,3
4871,3
4872,3
4873,3
4874,3
4875,3
4876,3
4877,3
4878,3
4879,3
4880,3
4881,2
4882,3
4883,3
4884,3
4885,3
4886,3
4887,3
4888,2
4889,3
4890,3
4891,3
4892,3
4893,2
4894,3
4895,3
4896,3
4897,2
4898,3
4899,2
4900,2
4901,3
4902,3
4903,3
4904,3
4905,3
4906,3
4907,3
4908,3
4909,3
4910,3
4911,3
4912,3
4913,2
4914,3
4915,3
4916,3
4917,3
4918,3
4919,3
4920,2
4921,3
4922,3
4923,3
4924,2
4925,3
4926,3
4927,2
4928,3
4929,3
4930,3
4931,3
4932,2
4933,2
4934,3
4935,3
4936,2
4937,2
4938,2
4939,3
4940,3
4941,3
4942,3
4943,3
4944,3
4945,3
4946,3
4947,3
4948,3
4949,2
4950,3
4951,2
4952,3
4953,2
4954,2
4955,3
4956,3
4957,3
4958,2
4959,3
4960,3
4961,3
4962,3
4963,3
4964,3
4965,3
4966,3
4967,3
4968,3
4969,2
4970,3
4971,3
4972,3
4973,3
4974,2
4975,3
4976,2
4977,3
4978,3
4979,3
4980,3
4981,3
4982,3
4983,3
4984,3
4985,3
4986,3
4987,2
4988,3
4989,3
4990,3
4991,3
4992,3
4993,3
4994,3
4995,3
4996,3
4997,2
4998,3
4999,3
5000,3
5001,3
5002,3
5003,2
5004,3
5005,3
5006,3
5007,2
5008,3
5009,3
5010,3
5011,3
5012,3
5013,3
5014,3
5015,2
5016,3
5017,2
5018,3
5019,3
5020,3
5021,2
5022,3
5023,3
5024,2
5025,3
5026,2
5027,3
5028,2
5029,2
5030,3
5031,3
5032,3
5033,3
5034,3
5035,3
5036,2
5037,3
5038,3
5039,3
5040,3
5041,3
5042,3
5043,3
5044,3
5045,3
5046,3
5047,3
5048,3
5049,2
5050,3
5051,3
5052,2
5053,3
5054,3
5055,3
5056,3
5057,3
5058,3
5059,3
5060,3
5061,3
5062,3
5063,3
5064,2
5065,3
5066,3
5067,3
5068,3
5069,3
5070,3
5071,3
5072,3
5073,3
5074,3
5075,3
5076,3
5077,3
5078,3
5079,2
5080,3
5081,3
5082,2
5083,3
5084,3
5085,3
5086,3
5087,3
5088,3
5089,3
5090,3
5091,3
5092,3
5093,3
5094,3
5095,3
5096,3
5097,2
5098,3
5099,3
5100,3
5101,3
5102,3
5103,3
5104,3
5105,2
5106,3
5107,2
5108,3
5109,2
5110,3
5111,3
5112,2
5113,3
5114,3
5115,3
5116,3
5117,3
5118,2
5119,3
5120,3
5121,3
5122,3
5123,3
5124,3
5125,3
5126,3
5127,3
5128,3
5129,2
5130,3
5131,3
5132,2
5133,3
5134,2
5135,3
5136,3
5137,3
5138,3
5139,2
5140,3
5141,2
5142,3
5143,2
5144,3
5145,3
5146,3
5147,3
5148,3
5149,3
5150,3
5151,3
5152,3
5153,3
5154,3
5155,3
5156,3
5157,3
5158,3
5159,2
5160,2
5161,3
5162,3
5163,3
5164,3
5165,3
5166,3
5167,3
5168,3
5169,3
5170,3
5171,3
5172,3
5173,3
5174,3
5175,3
5176,2
5177,2
5178,2
5179,3
5180,3
5181,2
5182,3
5183,2
5184,3
5185,3
5186,3
5187,3
5188,3
5189,3
5190,2
5191,3
5192,3
5193,3
5194,2
5195,3
5196,3
5197,3
5198,3
5199,3
5200,2
5201,3
5202,3
5203,2
5204,3
5205,3
5206,3
5207,3
5208,2
5209,3
5210,3
5211,3
5212,2
5213,3
5214,3
5215,2
5216,3
5217,2
5218,3
5219,2
5220,3
5221,3
5222,3
5223,3
5224,3
5225,3
